2019年11月伊犁PM2.5指数,2019-11-26,轻度污染,130,360,98,122,51,54,1.27,38
﻿2019年11月伊犁PM2.5指数,2019-11-27,轻度污染,127,360,96,114,33,46,1.54,40
2019年11月伊犁PM2.5指数,2019-11-28,良,77,316,54,79,27,60,1.79,22
2019年11月伊犁PM2.5指数,2019-11-29,中度污染,158,363,120,150,35,53,1.85,19
2019年11月伊犁PM2.5指数,2019-11-30,轻度污染,150,359,113,138,30,52,1.73,17
2019年08月伊犁PM2.5指数,2019-08-06,良,63,329,27,62,10,30,0.81,72
2019年08月伊犁PM2.5指数,2019-08-07,良,68,335,29,64,10,37,0.96,74
2019年08月伊犁PM2.5指数,2019-08-08,良,69,339,28,69,10,32,0.82,79
2019年08月伊犁PM2.5指数,2019-08-09,良,69,342,31,85,11,34,0.88,67
2019年08月伊犁PM2.5指数,2019-08-10,优,50,250,19,46,8,12,0.57,87
2019年08月伊犁PM2.5指数,2019-08-11,优,41,189,14,24,8,13,0.60,82
2019年07月伊犁PM2.5指数,2019-07-01,良,54,205,18,49,8,22,0.61,85
2019年07月伊犁PM2.5指数,2019-07-02,良,70,264,22,63,10,27,0.67,87
2019年07月伊犁PM2.5指数,2019-07-03,良,81,301,27,111,9,22,0.64,79
2019年07月伊犁PM2.5指数,2019-07-04,优,44,139,14,27,8,11,0.59,83
2019年07月伊犁PM2.5指数,2019-07-05,优,43,141,10,18,6,13,0.64,87
2019年07月伊犁PM2.5指数,2019-07-06,良,55,223,18,44,8,26,0.69,81
2019年07月伊犁PM2.5指数,2019-07-07,良,52,208,19,46,8,24,0.77,77
2019年06月伊犁PM2.5指数,2019-06-01,良,62,201,26,61,7,30,0.66,72
2019年06月伊犁PM2.5指数,2019-06-02,良,51,114,25,53,8,26,0.65,54
2019年06月伊犁PM2.5指数,2019-06-03,优,34,38,14,19,7,17,0.69,63
2019年06月伊犁PM2.5指数,2019-06-04,优,39,40,15,27,7,20,0.69,69
2019年06月伊犁PM2.5指数,2019-06-05,优,34,40,12,21,8,15,0.71,72
2019年06月伊犁PM2.5指数,2019-06-06,优,39,99,10,23,6,14,0.63,80
2019年06月伊犁PM2.5指数,2019-06-07,优,47,140,10,16,5,9,0.52,93
2019年06月伊犁PM2.5指数,2019-06-08,优,44,138,13,30,7,14,0.54,86
2019年06月伊犁PM2.5指数,2019-06-09,良,51,185,10,25,6,10,0.50,94
2019年06月伊犁PM2.5指数,2019-06-10,优,47,161,11,18,6,12,0.49,89
2019年06月伊犁PM2.5指数,2019-06-11,优,38,98,16,27,5,21,0.58,61
2019年06月伊犁PM2.5指数,2019-06-25,优,46,168,16,33,7,22,0.57,70
2019年06月伊犁PM2.5指数,2019-06-26,良,51,202,16,42,7,22,0.56,73
2019年06月伊犁PM2.5指数,2019-06-27,优,49,170,14,33,8,18,0.55,88
2019年06月伊犁PM2.5指数,2019-06-28,良,60,265,19,51,9,21,0.61,90
2019年06月伊犁PM2.5指数,2019-06-29,良,62,299,13,45,7,19,0.51,108
2019年06月伊犁PM2.5指数,2019-06-30,良,66,313,18,49,8,23,0.59,102
2019年05月伊犁PM2.5指数,2019-05-01,优,39,51,14,21,10,14,0.55,77
2019年05月伊犁PM2.5指数,2019-05-02,优,38,22,17,31,9,17,0.52,62
2019年05月伊犁PM2.5指数,2019-05-03,优,37,15,14,32,7,15,0.48,59
2019年05月伊犁PM2.5指数,2019-05-04,优,32,8,13,22,6,15,0.50,63
2019年05月伊犁PM2.5指数,2019-05-05,优,41,74,12,23,6,11,0.38,77
2019年05月伊犁PM2.5指数,2019-05-06,优,39,86,21,31,8,19,0.55,60
2019年05月伊犁PM2.5指数,2019-05-07,优,45,109,18,40,7,25,0.63,59
2019年05月伊犁PM2.5指数,2019-05-08,良,51,149,23,52,8,22,0.57,68
2019年05月伊犁PM2.5指数,2019-05-09,良,54,144,23,48,8,25,0.64,69
2019年05月伊犁PM2.5指数,2019-05-10,良,60,150,26,61,10,27,0.69,73
2019年05月伊犁PM2.5指数,2019-05-11,良,66,140,32,70,8,34,0.78,71
2019年05月伊犁PM2.5指数,2019-05-12,良,91,246,40,128,7,24,0.61,72
2019年05月伊犁PM2.5指数,2019-05-13,良,74,210,27,99,7,16,0.55,82
2019年05月伊犁PM2.5指数,2019-05-14,良,69,187,33,80,6,10,0.48,99
2019年05月伊犁PM2.5指数,2019-05-15,良,62,192,31,65,7,26,0.67,59
2019年05月伊犁PM2.5指数,2019-05-16,良,58,182,22,64,6,10,0.43,81
2019年05月伊犁PM2.5指数,2019-05-17,优,47,123,12,30,6,11,0.36,88
2019年05月伊犁PM2.5指数,2019-05-18,优,49,139,16,41,7,20,0.45,78
2019年05月伊犁PM2.5指数,2019-05-19,良,66,241,27,70,8,30,0.61,67
2019年05月伊犁PM2.5指数,2019-05-20,良,53,141,21,44,7,18,0.56,91
2019年05月伊犁PM2.5指数,2019-05-21,良,85,322,48,118,7,29,0.72,73
2019年05月伊犁PM2.5指数,2019-05-22,良,63,150,25,68,6,13,0.56,88
2019年05月伊犁PM2.5指数,2019-05-23,优,42,33,8,15,5,12,0.47,83
2019年05月伊犁PM2.5指数,2019-05-24,优,38,11,13,25,7,19,0.47,74
2019年05月伊犁PM2.5指数,2019-05-25,良,58,168,17,68,6,18,0.46,68
2019年05月伊犁PM2.5指数,2019-05-26,优,43,134,14,29,6,14,0.49,83
2019年05月伊犁PM2.5指数,2019-05-27,优,39,95,11,26,6,13,0.48,79
2019年05月伊犁PM2.5指数,2019-05-28,优,43,128,13,25,7,15,0.51,84
2019年05月伊犁PM2.5指数,2019-05-29,良,56,201,19,43,8,28,0.62,79
2019年05月伊犁PM2.5指数,2019-05-30,良,57,232,18,45,8,28,0.59,80
2019年05月伊犁PM2.5指数,2019-05-31,良,66,274,26,67,8,37,0.73,71
2019年04月伊犁PM2.5指数,2019-04-01,良,57,180,34,62,9,27,1.29,40
2019年04月伊犁PM2.5指数,2019-04-02,优,37,21,17,32,10,13,0.71,66
2019年04月伊犁PM2.5指数,2019-04-03,优,50,138,30,51,9,24,1.13,48
2019年04月伊犁PM2.5指数,2019-04-04,良,67,207,29,82,11,18,0.81,59
2019年04月伊犁PM2.5指数,2019-04-05,良,59,153,30,65,11,26,0.91,56
2019年04月伊犁PM2.5指数,2019-04-06,优,47,57,18,45,10,17,0.59,68
2019年04月伊犁PM2.5指数,2019-04-07,优,31,11,11,22,8,13,0.52,59
2019年04月伊犁PM2.5指数,2019-04-08,良,53,102,30,50,8,27,0.81,51
2019年04月伊犁PM2.5指数,2019-04-09,良,55,256,24,59,8,27,0.69,63
2019年04月伊犁PM2.5指数,2019-04-10,良,70,322,29,90,12,25,0.74,44
2019年04月伊犁PM2.5指数,2019-04-11,优,34,57,20,25,8,15,0.78,60
2019年04月伊犁PM2.5指数,2019-04-12,优,35,45,16,29,10,15,0.61,62
2019年04月伊犁PM2.5指数,2019-04-13,优,45,79,23,41,9,21,0.81,56
2019年04月伊犁PM2.5指数,2019-04-14,良,55,166,23,54,9,26,0.78,58
2019年04月伊犁PM2.5指数,2019-04-15,良,59,158,25,65,9,29,0.86,57
2019年04月伊犁PM2.5指数,2019-04-16,良,56,137,23,62,11,17,0.72,62
2019年04月伊犁PM2.5指数,2019-04-17,优,31,5,17,26,10,17,0.71,51
2019年04月伊犁PM2.5指数,2019-04-18,优,41,33,19,34,7,19,0.70,57
2019年04月伊犁PM2.5指数,2019-04-19,良,55,118,24,59,8,28,0.73,48
2019年04月伊犁PM2.5指数,2019-04-20,良,62,198,26,74,10,13,0.49,72
2019年04月伊犁PM2.5指数,2019-04-21,优,40,43,20,37,10,16,0.55,62
2019年04月伊犁PM2.5指数,2019-04-22,优,35,41,14,26,9,17,0.57,55
2019年04月伊犁PM2.5指数,2019-04-23,优,37,36,15,22,7,16,0.62,71
2019年04月伊犁PM2.5指数,2019-04-24,优,45,69,20,40,8,22,0.67,61
2019年04月伊犁PM2.5指数,2019-04-25,优,44,87,9,31,7,9,0.48,69
2019年04月伊犁PM2.5指数,2019-04-26,优,31,11,13,22,7,15,0.66,55
2019年04月伊犁PM2.5指数,2019-04-27,优,36,25,11,20,7,12,0.52,70
2019年04月伊犁PM2.5指数,2019-04-28,优,45,109,18,34,10,22,0.69,64
2019年04月伊犁PM2.5指数,2019-04-29,优,48,165,19,43,11,25,0.67,60
2019年04月伊犁PM2.5指数,2019-04-30,良,61,215,21,75,8,17,0.55,71
2019年03月伊犁PM2.5指数,2019-03-01,良,79,184,53,96,27,48,2.02,53
2019年03月伊犁PM2.5指数,2019-03-02,轻度污染,126,272,93,154,29,75,4.53,38
2019年03月伊犁PM2.5指数,2019-03-03,轻度污染,109,264,81,137,38,68,2.81,36
2019年03月伊犁PM2.5指数,2019-03-04,轻度污染,106,254,78,117,25,49,2.18,53
2019年03月伊犁PM2.5指数,2019-03-05,轻度污染,110,257,82,119,29,42,1.77,62
2019年03月伊犁PM2.5指数,2019-03-06,轻度污染,129,329,97,139,24,56,2.72,46
2019年03月伊犁PM2.5指数,2019-03-07,轻度污染,119,355,89,127,22,45,2.15,23
2019年03月伊犁PM2.5指数,2019-03-08,中度污染,164,365,125,160,18,38,1.55,33
2019年03月伊犁PM2.5指数,2019-03-09,良,100,328,73,101,18,39,2.43,43
2019年03月伊犁PM2.5指数,2019-03-10,良,82,253,59,86,26,41,2.58,41
2019年03月伊犁PM2.5指数,2019-03-11,良,64,178,45,63,19,25,1.10,40
2019年03月伊犁PM2.5指数,2019-03-12,良,99,347,73,105,19,38,2.05,39
2019年03月伊犁PM2.5指数,2019-03-13,良,65,183,40,77,18,39,1.63,46
2019年03月伊犁PM2.5指数,2019-03-14,良,63,214,30,75,18,37,1.30,49
2019年03月伊犁PM2.5指数,2019-03-15,良,76,319,38,99,14,38,1.34,50
2019年03月伊犁PM2.5指数,2019-03-16,良,91,348,51,130,15,38,1.28,49
2019年03月伊犁PM2.5指数,2019-03-17,良,83,274,43,115,13,32,0.96,54
2019年03月伊犁PM2.5指数,2019-03-18,良,92,307,60,132,17,35,1.37,46
2019年03月伊犁PM2.5指数,2019-03-19,良,87,289,37,123,15,22,0.80,55
2019年03月伊犁PM2.5指数,2019-03-20,良,60,171,35,69,14,23,1.03,54
2019年03月伊犁PM2.5指数,2019-03-21,良,72,245,47,90,18,30,1.37,46
2019年03月伊犁PM2.5指数,2019-03-22,良,76,338,53,89,14,33,1.31,53
2019年03月伊犁PM2.5指数,2019-03-23,良,69,310,38,85,12,25,0.86,66
2019年03月伊犁PM2.5指数,2019-03-24,轻度污染,110,349,51,168,15,34,1.47,47
2019年03月伊犁PM2.5指数,2019-03-25,优,44,73,17,33,11,16,0.66,74
2019年03月伊犁PM2.5指数,2019-03-26,优,43,38,21,37,11,21,0.79,67
2019年03月伊犁PM2.5指数,2019-03-27,良,52,90,27,58,11,24,0.72,65
2019年03月伊犁PM2.5指数,2019-03-28,良,68,218,36,84,15,30,0.95,50
2019年03月伊犁PM2.5指数,2019-03-29,良,64,194,42,76,17,26,0.91,58
2019年03月伊犁PM2.5指数,2019-03-30,良,65,198,26,80,11,21,0.74,45
2019年03月伊犁PM2.5指数,2019-03-31,优,31,4,15,21,10,18,0.77,49
2019年02月伊犁PM2.5指数,2019-02-01,良,57,110,38,52,25,31,1.33,40
2019年02月伊犁PM2.5指数,2019-02-02,良,51,75,34,42,25,32,1.31,44
2019年02月伊犁PM2.5指数,2019-02-03,轻度污染,114,267,85,102,29,55,2.96,35
2019年02月伊犁PM2.5指数,2019-02-04,轻度污染,129,282,97,113,34,63,3.75,37
2019年02月伊犁PM2.5指数,2019-02-05,轻度污染,115,187,87,105,45,54,2.52,44
2019年02月伊犁PM2.5指数,2019-02-06,良,76,172,51,60,23,35,2.05,49
2019年02月伊犁PM2.5指数,2019-02-07,良,60,196,41,55,28,31,1.41,57
2019年02月伊犁PM2.5指数,2019-02-08,良,99,345,73,85,32,44,1.92,56
2019年02月伊犁PM2.5指数,2019-02-09,良,65,251,44,56,26,35,1.38,66
2019年02月伊犁PM2.5指数,2019-02-10,良,79,273,57,76,34,53,2.32,41
2019年02月伊犁PM2.5指数,2019-02-11,良,69,215,49,60,31,32,1.25,71
2019年02月伊犁PM2.5指数,2019-02-12,良,79,256,57,65,29,30,1.28,71
2019年02月伊犁PM2.5指数,2019-02-13,优,45,130,29,36,21,33,1.19,63
2019年02月伊犁PM2.5指数,2019-02-14,轻度污染,113,320,84,98,30,55,3.12,47
2019年02月伊犁PM2.5指数,2019-02-15,轻度污染,119,328,89,100,36,47,1.67,54
2019年02月伊犁PM2.5指数,2019-02-16,轻度污染,123,339,92,89,25,42,1.79,67
2019年02月伊犁PM2.5指数,2019-02-17,良,55,212,35,43,23,40,1.55,59
2019年02月伊犁PM2.5指数,2019-02-18,良,94,311,69,84,36,54,2.22,41
2019年02月伊犁PM2.5指数,2019-02-19,中度污染,157,326,119,140,35,57,2.51,45
2019年02月伊犁PM2.5指数,2019-02-20,中度污染,175,312,134,161,26,65,3.32,52
2019年02月伊犁PM2.5指数,2019-02-21,良,51,112,29,39,18,19,0.94,66
2019年02月伊犁PM2.5指数,2019-02-22,优,43,89,26,30,19,28,1.06,57
2019年02月伊犁PM2.5指数,2019-02-23,良,67,160,47,60,23,46,2.12,49
2019年02月伊犁PM2.5指数,2019-02-24,良,93,227,67,94,23,56,2.96,46
2019年02月伊犁PM2.5指数,2019-02-25,良,88,222,63,81,27,58,2.67,47
2019年02月伊犁PM2.5指数,2019-02-26,良,75,197,52,77,28,53,2.51,53
2019年02月伊犁PM2.5指数,2019-02-27,良,87,252,63,93,27,57,2.64,45
2019年02月伊犁PM2.5指数,2019-02-28,良,93,250,67,106,25,56,2.25,45
2019年01月伊犁PM2.5指数,2019-01-01,轻度污染,127,305,96,110,26,32,1.59,40
2019年01月伊犁PM2.5指数,2019-01-02,中度污染,160,307,120,141,41,46,2.03,19
2019年01月伊犁PM2.5指数,2019-01-03,中度污染,183,305,140,162,42,55,2.76,27
2019年01月伊犁PM2.5指数,2019-01-04,轻度污染,108,259,80,96,34,46,2.39,38
2019年01月伊犁PM2.5指数,2019-01-05,轻度污染,125,290,93,103,35,39,1.82,40
2019年01月伊犁PM2.5指数,2019-01-06,良,73,171,53,60,25,34,1.41,46
2019年01月伊犁PM2.5指数,2019-01-07,良,57,116,36,55,24,42,1.83,45
2019年01月伊犁PM2.5指数,2019-01-08,良,61,148,38,62,25,44,1.71,42
2019年01月伊犁PM2.5指数,2019-01-09,良,91,294,67,88,36,59,2.80,23
2019年01月伊犁PM2.5指数,2019-01-10,轻度污染,113,283,83,107,33,60,3.20,27
2019年01月伊犁PM2.5指数,2019-01-11,轻度污染,137,268,103,125,34,74,3.92,18
2019年01月伊犁PM2.5指数,2019-01-12,轻度污染,127,249,95,108,30,47,2.33,31
2019年01月伊犁PM2.5指数,2019-01-13,中度污染,168,278,128,140,39,53,2.60,27
2019年01月伊犁PM2.5指数,2019-01-14,中度污染,178,284,139,166,38,66,3.90,25
2019年01月伊犁PM2.5指数,2019-01-15,良,58,133,37,62,30,44,1.67,44
2019年01月伊犁PM2.5指数,2019-01-16,良,80,265,58,74,40,47,1.98,29
2019年01月伊犁PM2.5指数,2019-01-17,良,90,229,66,78,28,37,1.91,40
2019年01月伊犁PM2.5指数,2019-01-18,中度污染,154,337,117,147,23,56,4.16,29
2019年01月伊犁PM2.5指数,2019-01-19,良,55,84,36,53,25,37,1.49,54
2019年01月伊犁PM2.5指数,2019-01-20,良,78,213,47,94,29,58,2.61,33
2019年01月伊犁PM2.5指数,2019-01-21,良,75,205,49,82,31,39,1.69,33
2019年01月伊犁PM2.5指数,2019-01-22,良,97,246,72,94,31,42,2.00,30
2019年01月伊犁PM2.5指数,2019-01-23,中度污染,163,358,124,140,32,49,2.80,28
2019年01月伊犁PM2.5指数,2019-01-24,轻度污染,109,218,82,104,32,38,1.64,44
2019年01月伊犁PM2.5指数,2019-01-25,轻度污染,143,302,108,136,32,58,2.98,27
2019年01月伊犁PM2.5指数,2019-01-26,轻度污染,122,299,91,112,27,61,3.76,27
2019年01月伊犁PM2.5指数,2019-01-27,轻度污染,117,283,87,113,33,61,3.68,26
2019年01月伊犁PM2.5指数,2019-01-28,轻度污染,138,303,103,130,32,54,4.02,28
2019年01月伊犁PM2.5指数,2019-01-29,轻度污染,112,252,84,104,27,28,1.39,48
2019年01月伊犁PM2.5指数,2019-01-30,良,88,199,39,109,17,27,1.24,60
2019年01月伊犁PM2.5指数,2019-01-31,良,86,331,59,103,33,55,3.19,31
2018年12月伊犁PM2.5指数,2018-12-01,良,55,74,35,48,9,14,0.69,42
2018年12月伊犁PM2.5指数,2018-12-02,优,37,20,21,30,11,20,0.89,44
2018年12月伊犁PM2.5指数,2018-12-03,良,62,120,43,57,24,43,1.77,28
2018年12月伊犁PM2.5指数,2018-12-04,轻度污染,102,287,76,91,28,46,2.48,22
2018年12月伊犁PM2.5指数,2018-12-05,中度污染,171,363,130,159,38,68,4.21,14
2018年12月伊犁PM2.5指数,2018-12-06,重度污染,201,365,156,187,41,68,4.80,14
2018年12月伊犁PM2.5指数,2018-12-07,中度污染,189,364,148,177,34,63,5.15,17
2018年12月伊犁PM2.5指数,2018-12-08,重度污染,213,365,167,205,36,73,6.77,13
2018年12月伊犁PM2.5指数,2018-12-09,中度污染,167,364,127,169,44,77,6.09,8
2018年12月伊犁PM2.5指数,2018-12-10,轻度污染,150,351,114,150,38,62,5.12,14
2018年12月伊犁PM2.5指数,2018-12-11,轻度污染,130,332,97,120,27,53,4.25,13
2018年12月伊犁PM2.5指数,2018-12-12,轻度污染,119,299,89,112,29,48,3.26,17
2018年12月伊犁PM2.5指数,2018-12-13,轻度污染,125,296,93,121,31,52,3.74,16
2018年12月伊犁PM2.5指数,2018-12-14,轻度污染,144,332,108,139,26,50,4.32,15
2018年12月伊犁PM2.5指数,2018-12-15,良,95,236,69,98,24,48,2.84,18
2018年12月伊犁PM2.5指数,2018-12-16,良,83,178,59,92,30,48,2.68,16
2018年12月伊犁PM2.5指数,2018-12-17,良,76,171,55,67,21,34,1.43,24
2018年12月伊犁PM2.5指数,2018-12-18,良,76,178,56,68,23,33,1.59,17
2018年12月伊犁PM2.5指数,2018-12-19,良,80,164,58,71,25,43,2.20,16
2018年12月伊犁PM2.5指数,2018-12-20,轻度污染,118,271,89,103,31,46,2.26,12
2018年12月伊犁PM2.5指数,2018-12-21,优,46,63,32,38,21,23,0.98,33
2018年12月伊犁PM2.5指数,2018-12-28,中度污染,174,361,132,155,25,52,2.84,15
2018年12月伊犁PM2.5指数,2018-12-29,中度污染,169,361,129,159,22,65,4.08,18
2018年12月伊犁PM2.5指数,2018-12-30,中度污染,169,360,130,148,43,75,5.32,17
2018年12月伊犁PM2.5指数,2018-12-31,轻度污染,102,316,75,88,34,42,1.82,31
2018年11月伊犁PM2.5指数,2018-11-01,优,26,5,11,23,9,13,0.42,43
2018年11月伊犁PM2.5指数,2018-11-02,优,46,64,29,44,13,28,0.83,24
2018年11月伊犁PM2.5指数,2018-11-03,良,54,124,36,57,20,26,0.89,19
2018年11月伊犁PM2.5指数,2018-11-04,轻度污染,132,357,99,138,16,41,2.79,11
2018年11月伊犁PM2.5指数,2018-11-05,轻度污染,107,358,78,110,13,39,2.08,21
2018年11月伊犁PM2.5指数,2018-11-06,良,61,311,38,66,14,39,1.59,22
2018年11月伊犁PM2.5指数,2018-11-07,良,91,357,66,110,19,46,1.93,15
2018年11月伊犁PM2.5指数,2018-11-08,良,56,242,34,60,14,27,0.83,31
2018年11月伊犁PM2.5指数,2018-11-09,良,61,234,34,72,10,28,1.09,35
2018年11月伊犁PM2.5指数,2018-11-10,良,93,321,65,113,12,41,2.35,18
2018年11月伊犁PM2.5指数,2018-11-11,良,54,143,35,57,17,31,1.14,33
2018年11月伊犁PM2.5指数,2018-11-12,优,41,81,20,37,7,15,0.64,38
2018年11月伊犁PM2.5指数,2018-11-13,优,50,137,27,49,11,19,0.77,40
2018年11月伊犁PM2.5指数,2018-11-14,轻度污染,130,306,97,122,20,45,2.01,23
2018年11月伊犁PM2.5指数,2018-11-15,中度污染,171,351,131,167,22,57,2.99,16
2018年11月伊犁PM2.5指数,2018-11-16,中度污染,182,365,138,164,28,48,1.73,26
2018年11月伊犁PM2.5指数,2018-11-17,中度污染,173,366,132,154,31,51,2.20,23
2018年11月伊犁PM2.5指数,2018-11-18,重度污染,231,365,185,211,27,69,4.83,18
2018年11月伊犁PM2.5指数,2018-11-19,中度污染,155,364,117,143,26,75,3.64,12
2018年11月伊犁PM2.5指数,2018-11-20,良,74,250,53,73,22,51,1.91,27
2018年11月伊犁PM2.5指数,2018-11-21,轻度污染,102,316,75,97,26,51,2.22,22
2018年11月伊犁PM2.5指数,2018-11-22,轻度污染,102,328,75,98,23,53,3.25,17
2018年11月伊犁PM2.5指数,2018-11-23,良,88,271,64,89,26,45,1.91,20
2018年11月伊犁PM2.5指数,2018-11-24,良,73,162,49,79,21,52,2.48,14
2018年11月伊犁PM2.5指数,2018-11-25,良,96,208,24,146,11,15,0.60,48
2018年11月伊犁PM2.5指数,2018-11-26,良,70,110,42,81,20,46,1.85,20
2018年11月伊犁PM2.5指数,2018-11-27,良,99,197,73,112,33,49,2.57,10
2018年11月伊犁PM2.5指数,2018-11-28,中度污染,152,267,116,151,38,50,3.04,6
2018年11月伊犁PM2.5指数,2018-11-29,轻度污染,127,257,95,122,29,44,2.52,11
2018年11月伊犁PM2.5指数,2018-11-30,轻度污染,133,253,100,126,16,42,3.45,7
2018年10月伊犁PM2.5指数,2018-10-01,良,64,307,24,76,7,27,0.69,47
2018年10月伊犁PM2.5指数,2018-10-02,良,72,316,33,92,8,28,0.77,43
2018年10月伊犁PM2.5指数,2018-10-03,良,52,115,22,58,6,24,0.63,41
2018年10月伊犁PM2.5指数,2018-10-04,良,59,139,26,69,6,33,0.83,37
2018年10月伊犁PM2.5指数,2018-10-05,良,69,217,32,86,7,37,0.94,37
2018年10月伊犁PM2.5指数,2018-10-06,良,75,245,36,98,8,37,0.99,39
2018年10月伊犁PM2.5指数,2018-10-07,轻度污染,104,332,44,138,7,32,0.88,46
2018年10月伊犁PM2.5指数,2018-10-08,良,53,129,14,61,5,12,0.58,52
2018年10月伊犁PM2.5指数,2018-10-09,良,62,226,25,72,7,20,0.77,44
2018年10月伊犁PM2.5指数,2018-10-10,良,64,298,30,76,7,25,0.94,38
2018年10月伊犁PM2.5指数,2018-10-11,良,76,345,44,99,9,35,1.05,22
2018年10月伊犁PM2.5指数,2018-10-12,良,92,349,57,131,7,41,1.47,23
2018年10月伊犁PM2.5指数,2018-10-13,良,85,327,46,118,8,33,1.11,31
2018年10月伊犁PM2.5指数,2018-10-14,良,53,167,16,63,6,12,0.54,48
2018年10月伊犁PM2.5指数,2018-10-15,良,76,296,31,100,10,30,0.97,17
2018年10月伊犁PM2.5指数,2018-10-16,良,54,197,23,62,10,21,0.80,27
2018年10月伊犁PM2.5指数,2018-10-17,优,32,55,16,19,5,17,0.75,32
2018年10月伊犁PM2.5指数,2018-10-18,优,33,43,20,27,5,17,0.80,33
2018年10月伊犁PM2.5指数,2018-10-19,良,51,175,32,53,13,30,1.06,25
2018年10月伊犁PM2.5指数,2018-10-20,优,36,62,24,32,6,19,0.75,37
2018年10月伊犁PM2.5指数,2018-10-21,优,31,51,16,27,9,21,0.65,46
2018年10月伊犁PM2.5指数,2018-10-22,良,58,199,36,67,10,36,1.32,26
2018年10月伊犁PM2.5指数,2018-10-23,良,79,304,54,96,15,43,1.91,21
2018年10月伊犁PM2.5指数,2018-10-24,良,87,283,63,110,14,42,1.77,23
2018年10月伊犁PM2.5指数,2018-10-25,良,57,140,31,67,12,41,1.27,28
2018年10月伊犁PM2.5指数,2018-10-26,良,73,293,44,90,13,43,1.43,21
2018年10月伊犁PM2.5指数,2018-10-27,良,80,336,50,101,13,43,1.39,25
2018年10月伊犁PM2.5指数,2018-10-28,良,69,272,33,86,15,37,0.87,23
2018年10月伊犁PM2.5指数,2018-10-29,优,37,87,15,38,12,20,0.61,41
2018年10月伊犁PM2.5指数,2018-10-30,良,62,197,38,70,12,36,1.11,22
2018年10月伊犁PM2.5指数,2018-10-31,良,78,291,54,95,15,38,1.25,22
2018年09月伊犁PM2.5指数,2018-09-02,良,52,261,13,58,7,5,0.41,64
2018年09月伊犁PM2.5指数,2018-09-03,优,34,85,14,33,9,11,0.42,63
2018年09月伊犁PM2.5指数,2018-09-04,良,55,242,24,61,9,25,0.72,36
2018年09月伊犁PM2.5指数,2018-09-05,良,62,251,28,71,10,28,0.88,53
2018年09月伊犁PM2.5指数,2018-09-06,良,61,248,28,69,9,28,0.80,59
2018年09月伊犁PM2.5指数,2018-09-07,良,72,358,35,91,10,33,1.02,55
2018年09月伊犁PM2.5指数,2018-09-08,良,63,324,28,75,9,27,0.86,50
2018年09月伊犁PM2.5指数,2018-09-09,良,59,256,24,67,8,23,0.79,51
2018年09月伊犁PM2.5指数,2018-09-10,优,44,108,16,42,7,20,0.70,61
2018年09月伊犁PM2.5指数,2018-09-11,优,48,144,21,47,7,19,0.76,60
2018年09月伊犁PM2.5指数,2018-09-12,良,54,219,20,60,7,20,0.74,51
2018年09月伊犁PM2.5指数,2018-09-13,优,47,180,17,46,5,15,0.63,56
2018年09月伊犁PM2.5指数,2018-09-14,良,56,248,23,63,6,29,0.84,40
2018年09月伊犁PM2.5指数,2018-09-15,良,55,231,21,58,7,26,0.86,52
2018年09月伊犁PM2.5指数,2018-09-16,良,69,352,38,86,10,30,1.17,47
2018年09月伊犁PM2.5指数,2018-09-17,良,71,340,33,89,9,40,1.30,31
2018年09月伊犁PM2.5指数,2018-09-18,良,60,302,26,72,9,29,1.05,45
2018年09月伊犁PM2.5指数,2018-09-19,良,58,289,20,66,8,27,1.06,52
2018年09月伊犁PM2.5指数,2018-09-20,良,75,338,37,97,7,39,1.40,42
2018年09月伊犁PM2.5指数,2018-09-21,良,72,324,29,92,7,22,1.01,50
2018年09月伊犁PM2.5指数,2018-09-22,优,48,188,22,50,6,16,1.07,54
2018年09月伊犁PM2.5指数,2018-09-23,优,41,136,17,34,6,19,1.09,48
2018年09月伊犁PM2.5指数,2018-09-24,优,43,155,15,36,6,17,1.11,49
2018年09月伊犁PM2.5指数,2018-09-25,优,31,56,10,23,7,17,1.04,54
2018年09月伊犁PM2.5指数,2018-09-26,优,42,177,20,42,8,26,1.10,41
2018年09月伊犁PM2.5指数,2018-09-27,优,43,144,16,45,8,28,0.89,51
2018年09月伊犁PM2.5指数,2018-09-28,良,68,313,37,86,8,34,1.16,32
2018年09月伊犁PM2.5指数,2018-09-29,良,62,255,33,75,7,33,0.88,42
2018年09月伊犁PM2.5指数,2018-09-30,良,54,181,21,59,6,27,0.56,53
2018年08月伊犁PM2.5指数,2018-08-01,良,59,245,15,43,10,20,0.52,96
2018年08月伊犁PM2.5指数,2018-08-02,良,63,258,21,49,10,21,0.57,103
2018年08月伊犁PM2.5指数,2018-08-03,良,55,242,18,48,9,16,0.50,99
2018年08月伊犁PM2.5指数,2018-08-04,良,61,265,20,49,10,20,0.57,96
2018年08月伊犁PM2.5指数,2018-08-05,良,59,242,17,38,9,20,0.55,100
2018年08月伊犁PM2.5指数,2018-08-06,良,62,244,21,50,9,27,0.65,91
2018年08月伊犁PM2.5指数,2018-08-07,良,63,257,25,61,11,30,0.72,86
2018年08月伊犁PM2.5指数,2018-08-08,良,66,282,28,62,10,21,0.63,95
2018年08月伊犁PM2.5指数,2018-08-09,良,58,195,24,51,10,24,0.68,88
2018年08月伊犁PM2.5指数,2018-08-10,良,63,199,26,58,9,24,0.70,88
2018年08月伊犁PM2.5指数,2018-08-11,良,62,184,26,58,9,25,0.69,83
2018年08月伊犁PM2.5指数,2018-08-12,良,55,195,19,53,9,15,0.58,79
2018年08月伊犁PM2.5指数,2018-08-13,优,41,127,16,31,8,14,0.57,77
2018年08月伊犁PM2.5指数,2018-08-14,优,47,214,19,32,10,19,0.58,84
2018年08月伊犁PM2.5指数,2018-08-15,良,60,300,27,51,12,30,0.81,81
2018年08月伊犁PM2.5指数,2018-08-16,良,61,325,27,61,10,30,0.78,85
2018年08月伊犁PM2.5指数,2018-08-17,良,63,310,26,56,10,29,0.88,90
2018年08月伊犁PM2.5指数,2018-08-18,良,58,304,31,61,10,18,0.67,89
2018年08月伊犁PM2.5指数,2018-08-19,优,47,201,17,33,9,15,0.66,88
2018年08月伊犁PM2.5指数,2018-08-20,优,50,210,19,45,9,22,0.75,82
2018年08月伊犁PM2.5指数,2018-08-21,良,72,301,33,93,9,19,0.74,68
2018年08月伊犁PM2.5指数,2018-08-22,优,43,96,23,39,9,13,0.73,65
2018年08月伊犁PM2.5指数,2018-08-23,优,50,128,24,44,9,14,0.74,86
2018年08月伊犁PM2.5指数,2018-08-25,良,53,120,19,45,9,15,0.60,95
2018年08月伊犁PM2.5指数,2018-08-27,优,45,119,16,32,8,14,0.56,86
2018年08月伊犁PM2.5指数,2018-08-29,良,60,246,19,72,9,13,0.49,84
2018年08月伊犁PM2.5指数,2018-08-31,优,39,149,10,21,8,11,0.52,80
2018年07月伊犁PM2.5指数,2018-07-01,良,70,281,20,65,8,17,0.53,109
2018年07月伊犁PM2.5指数,2018-07-02,良,58,230,15,46,8,15,0.53,102
2018年07月伊犁PM2.5指数,2018-07-03,良,53,222,16,24,8,14,0.53,100
2018年07月伊犁PM2.5指数,2018-07-04,优,48,176,13,21,8,13,0.52,89
2018年07月伊犁PM2.5指数,2018-07-05,优,42,150,13,21,8,13,0.52,87
2018年07月伊犁PM2.5指数,2018-07-06,良,53,253,16,35,8,21,0.55,83
2018年07月伊犁PM2.5指数,2018-07-07,良,61,301,17,44,9,26,0.57,88
2018年07月伊犁PM2.5指数,2018-07-08,良,65,322,20,55,9,26,0.60,92
2018年07月伊犁PM2.5指数,2018-07-09,良,69,337,15,33,9,14,0.45,121
2018年07月伊犁PM2.5指数,2018-07-10,良,58,304,19,44,9,23,0.55,92
2018年07月伊犁PM2.5指数,2018-07-11,良,62,285,24,65,10,25,0.57,81
2018年07月伊犁PM2.5指数,2018-07-12,优,45,196,16,32,9,16,0.51,88
2018年07月伊犁PM2.5指数,2018-07-13,良,55,269,10,23,8,13,0.53,105
2018年07月伊犁PM2.5指数,2018-07-14,良,51,226,12,26,8,16,0.50,97
2018年07月伊犁PM2.5指数,2018-07-15,优,46,179,16,35,8,20,0.59,78
2018年07月伊犁PM2.5指数,2018-07-16,优,40,140,15,28,10,18,0.60,77
2018年07月伊犁PM2.5指数,2018-07-17,优,41,147,12,23,9,15,0.69,80
2018年07月伊犁PM2.5指数,2018-07-18,良,53,214,10,20,8,12,0.56,105
2018年07月伊犁PM2.5指数,2018-07-19,优,49,178,12,26,9,17,0.54,91
2018年07月伊犁PM2.5指数,2018-07-20,良,59,238,20,41,11,24,0.55,92
2018年07月伊犁PM2.5指数,2018-07-21,良,67,251,25,59,10,33,0.62,85
2018年07月伊犁PM2.5指数,2018-07-22,良,70,294,27,67,9,35,0.66,79
2018年07月伊犁PM2.5指数,2018-07-23,良,73,315,30,82,11,29,0.64,89
2018年07月伊犁PM2.5指数,2018-07-24,良,55,202,17,35,9,14,0.47,97
2018年07月伊犁PM2.5指数,2018-07-25,优,43,129,17,39,11,17,0.51,63
2018年07月伊犁PM2.5指数,2018-07-26,优,39,103,13,32,12,15,0.51,62
2018年07月伊犁PM2.5指数,2018-07-27,优,47,176,12,32,9,16,0.49,80
2018年07月伊犁PM2.5指数,2018-07-28,良,56,214,18,46,9,27,0.61,77
2018年07月伊犁PM2.5指数,2018-07-29,良,57,194,19,47,10,23,0.56,81
2018年07月伊犁PM2.5指数,2018-07-30,优,44,126,17,40,10,23,0.55,75
2018年07月伊犁PM2.5指数,2018-07-31,优,47,147,14,27,8,12,0.54,91
2018年06月伊犁PM2.5指数,2018-06-01,优,48,82,16,41,10,18,0.51,88
2018年06月伊犁PM2.5指数,2018-06-02,良,62,132,20,60,10,26,0.63,80
2018年06月伊犁PM2.5指数,2018-06-03,良,70,167,39,88,11,25,0.71,62
2018年06月伊犁PM2.5指数,2018-06-04,优,43,54,25,40,12,13,0.61,69
2018年06月伊犁PM2.5指数,2018-06-05,良,53,121,18,43,11,14,0.63,88
2018年06月伊犁PM2.5指数,2018-06-06,良,51,97,15,34,10,21,0.65,90
2018年06月伊犁PM2.5指数,2018-06-07,良,54,117,14,39,9,20,0.62,92
2018年06月伊犁PM2.5指数,2018-06-08,良,54,168,15,33,11,13,0.62,102
2018年06月伊犁PM2.5指数,2018-06-09,良,55,202,14,26,10,13,0.55,106
2018年06月伊犁PM2.5指数,2018-06-10,良,59,171,11,28,9,13,0.51,109
2018年06月伊犁PM2.5指数,2018-06-11,良,59,137,18,46,9,20,0.63,92
2018年06月伊犁PM2.5指数,2018-06-12,优,46,72,17,33,9,17,0.58,82
2018年06月伊犁PM2.5指数,2018-06-13,优,49,123,13,25,9,14,0.55,96
2018年06月伊犁PM2.5指数,2018-06-14,良,55,144,18,46,10,24,0.63,81
2018年06月伊犁PM2.5指数,2018-06-15,优,37,40,14,33,13,16,0.54,67
2018年06月伊犁PM2.5指数,2018-06-16,优,36,22,13,24,8,14,0.56,73
2018年06月伊犁PM2.5指数,2018-06-17,优,33,12,11,21,8,14,0.55,66
2018年06月伊犁PM2.5指数,2018-06-18,优,35,31,16,25,9,14,0.67,64
2018年06月伊犁PM2.5指数,2018-06-19,优,48,151,13,39,9,14,0.57,91
2018年06月伊犁PM2.5指数,2018-06-20,良,59,238,14,43,9,15,0.58,100
2018年06月伊犁PM2.5指数,2018-06-21,优,49,167,13,27,8,14,0.53,93
2018年06月伊犁PM2.5指数,2018-06-22,优,47,153,12,24,8,14,0.49,90
2018年06月伊犁PM2.5指数,2018-06-23,良,52,170,11,30,7,16,0.44,98
2018年06月伊犁PM2.5指数,2018-06-24,良,60,207,17,50,8,21,0.53,94
2018年06月伊犁PM2.5指数,2018-06-25,优,48,172,16,33,8,12,0.45,90
2018年06月伊犁PM2.5指数,2018-06-26,优,50,220,11,28,8,11,0.52,97
2018年06月伊犁PM2.5指数,2018-06-27,良,54,237,10,20,8,14,0.48,101
2018年06月伊犁PM2.5指数,2018-06-28,良,60,262,19,46,10,23,0.62,88
2018年06月伊犁PM2.5指数,2018-06-29,良,62,219,16,41,10,17,0.57,106
2018年06月伊犁PM2.5指数,2018-06-30,良,67,251,16,48,9,21,0.53,103
2018年05月伊犁PM2.5指数,2018-05-01,良,95,294,32,118,13,27,0.68,59
2018年05月伊犁PM2.5指数,2018-05-02,良,52,93,16,34,8,10,0.53,90
2018年05月伊犁PM2.5指数,2018-05-03,优,44,30,25,40,11,20,0.66,72
2018年05月伊犁PM2.5指数,2018-05-04,良,59,103,28,63,14,18,0.60,77
2018年05月伊犁PM2.5指数,2018-05-05,良,56,131,30,61,20,29,0.73,57
2018年05月伊犁PM2.5指数,2018-05-06,良,54,164,26,60,10,13,0.60,79
2018年05月伊犁PM2.5指数,2018-05-07,优,50,131,15,34,10,9,0.49,95
2018年05月伊犁PM2.5指数,2018-05-08,优,44,64,17,25,9,16,0.58,85
2018年05月伊犁PM2.5指数,2018-05-09,良,51,90,25,44,11,30,0.73,65
2018年05月伊犁PM2.5指数,2018-05-10,良,54,95,27,50,10,33,0.70,66
2018年05月伊犁PM2.5指数,2018-05-11,良,58,132,27,58,6,31,0.67,73
2018年05月伊犁PM2.5指数,2018-05-12,良,66,192,35,76,10,24,0.60,73
2018年05月伊犁PM2.5指数,2018-05-13,优,49,63,20,42,12,11,0.43,82
2018年05月伊犁PM2.5指数,2018-05-14,优,40,23,14,22,9,13,0.41,74
2018年05月伊犁PM2.5指数,2018-05-15,优,43,48,21,30,10,15,0.46,75
2018年05月伊犁PM2.5指数,2018-05-16,优,48,94,17,28,10,16,0.40,87
2018年05月伊犁PM2.5指数,2018-05-17,良,54,131,25,48,10,26,0.54,69
2018年05月伊犁PM2.5指数,2018-05-18,良,56,113,23,38,9,15,0.40,96
2018年05月伊犁PM2.5指数,2018-05-19,优,47,77,17,34,15,16,0.39,80
2018年05月伊犁PM2.5指数,2018-05-20,良,51,167,13,36,13,14,0.32,88
2018年05月伊犁PM2.5指数,2018-05-21,良,54,203,15,50,7,17,0.34,85
2018年05月伊犁PM2.5指数,2018-05-22,良,70,284,19,73,10,17,0.43,94
2018年05月伊犁PM2.5指数,2018-05-23,良,70,176,22,83,8,17,0.52,87
2018年05月伊犁PM2.5指数,2018-05-24,优,45,53,10,25,8,6,0.34,87
2018年05月伊犁PM2.5指数,2018-05-25,优,43,73,13,30,9,17,0.50,78
2018年05月伊犁PM2.5指数,2018-05-26,优,47,97,13,35,8,19,0.55,81
2018年05月伊犁PM2.5指数,2018-05-27,良,68,165,23,77,8,21,0.66,86
2018年05月伊犁PM2.5指数,2018-05-28,重度污染,213,361,50,286,10,25,0.73,61
2018年05月伊犁PM2.5指数,2018-05-29,优,46,56,10,23,8,13,0.46,88
2018年05月伊犁PM2.5指数,2018-05-30,良,62,160,20,74,13,21,0.61,70
2018年05月伊犁PM2.5指数,2018-05-31,良,51,98,16,45,8,7,0.40,87
2018年04月伊犁PM2.5指数,2018-04-01,良,55,46,27,59,12,18,0.80,56
2018年04月伊犁PM2.5指数,2018-04-02,优,37,5,16,22,13,13,0.60,69
2018年04月伊犁PM2.5指数,2018-04-03,良,58,74,29,63,14,23,1.21,50
2018年04月伊犁PM2.5指数,2018-04-04,优,47,53,20,38,13,24,0.85,68
2018年04月伊犁PM2.5指数,2018-04-05,良,56,141,20,63,9,16,0.53,75
2018年04月伊犁PM2.5指数,2018-04-05,良,56,141,20,63,9,16,0.53,75
2018年04月伊犁PM2.5指数,2018-04-06,重度污染,231,362,99,334,10,26,0.71,58
2018年04月伊犁PM2.5指数,2018-04-07,轻度污染,106,349,53,161,12,19,0.69,59
2018年04月伊犁PM2.5指数,2018-04-08,优,41,6,12,25,11,8,0.53,72
2018年04月伊犁PM2.5指数,2018-04-09,优,37,4,16,18,9,14,0.65,68
2018年04月伊犁PM2.5指数,2018-04-10,优,50,18,24,49,12,24,1.06,49
2018年04月伊犁PM2.5指数,2018-04-11,优,47,26,11,39,11,6,0.56,84
2018年04月伊犁PM2.5指数,2018-04-12,优,41,17,19,33,8,19,0.90,71
2018年04月伊犁PM2.5指数,2018-04-13,良,58,214,29,68,9,24,0.93,76
2018年04月伊犁PM2.5指数,2018-04-14,轻度污染,101,308,50,150,10,26,0.88,72
2018年04月伊犁PM2.5指数,2018-04-15,良,100,283,59,149,11,34,1.04,60
2018年04月伊犁PM2.5指数,2018-04-16,良,96,232,55,129,11,33,1.16,48
2018年04月伊犁PM2.5指数,2018-04-17,优,45,7,19,41,10,20,0.95,61
2018年04月伊犁PM2.5指数,2018-04-18,优,48,12,20,41,12,21,0.99,56
2018年04月伊犁PM2.5指数,2018-04-19,优,33,2,13,20,9,17,0.81,66
2018年04月伊犁PM2.5指数,2018-04-20,优,46,15,20,35,9,25,0.79,65
2018年04月伊犁PM2.5指数,2018-04-21,良,51,66,22,47,9,30,0.89,61
2018年04月伊犁PM2.5指数,2018-04-22,良,57,223,24,55,10,30,0.69,70
2018年04月伊犁PM2.5指数,2018-04-23,良,58,246,23,54,12,24,0.61,88
2018年04月伊犁PM2.5指数,2018-04-24,良,63,242,31,72,10,35,0.91,54
2018年04月伊犁PM2.5指数,2018-04-25,良,80,251,35,108,12,14,0.60,74
2018年04月伊犁PM2.5指数,2018-04-26,优,45,36,14,28,11,13,0.67,83
2018年04月伊犁PM2.5指数,2018-04-27,优,34,4,11,18,15,12,0.59,68
2018年04月伊犁PM2.5指数,2018-04-28,优,48,26,18,37,13,22,0.66,68
2018年04月伊犁PM2.5指数,2018-04-29,良,53,54,20,44,12,27,0.63,68
2018年04月伊犁PM2.5指数,2018-04-30,良,53,99,22,49,12,28,0.65,69
2018年03月伊犁PM2.5指数,2018-03-01,良,64,168,45,55,29,29,1.59,48
2018年03月伊犁PM2.5指数,2018-03-02,良,63,154,44,55,27,30,1.69,37
2018年03月伊犁PM2.5指数,2018-03-03,优,31,4,15,21,18,16,0.80,57
2018年03月伊犁PM2.5指数,2018-03-04,优,40,36,23,34,19,25,1.29,60
2018年03月伊犁PM2.5指数,2018-03-05,优,44,121,25,38,20,18,0.96,64
2018年03月伊犁PM2.5指数,2018-03-06,优,48,150,25,46,19,31,1.29,57
2018年03月伊犁PM2.5指数,2018-03-07,良,52,196,24,54,20,22,1.06,55
2018年03月伊犁PM2.5指数,2018-03-08,优,38,67,19,24,16,22,1.09,58
2018年03月伊犁PM2.5指数,2018-03-09,优,47,58,23,47,22,24,1.10,51
2018年03月伊犁PM2.5指数,2018-03-10,良,55,39,31,59,22,26,1.04,50
2018年03月伊犁PM2.5指数,2018-03-11,良,64,85,29,76,19,22,1.06,61
2018年03月伊犁PM2.5指数,2018-03-12,良,51,39,30,54,23,23,1.22,57
2018年03月伊犁PM2.5指数,2018-03-13,优,33,7,14,18,17,13,0.77,60
2018年03月伊犁PM2.5指数,2018-03-14,优,41,24,23,38,24,22,1.23,40
2018年03月伊犁PM2.5指数,2018-03-15,优,35,10,19,28,19,17,0.86,49
2018年03月伊犁PM2.5指数,2018-03-16,优,38,19,22,28,19,15,0.75,51
2018年03月伊犁PM2.5指数,2018-03-17,优,33,10,11,15,12,10,0.60,67
2018年03月伊犁PM2.5指数,2018-03-18,优,39,48,16,18,12,16,0.72,75
2018年03月伊犁PM2.5指数,2018-03-19,优,47,100,27,45,21,34,1.19,62
2018年03月伊犁PM2.5指数,2018-03-20,良,68,245,46,75,23,40,1.62,43
2018年03月伊犁PM2.5指数,2018-03-21,良,62,188,37,69,20,35,1.76,51
2018年03月伊犁PM2.5指数,2018-03-22,良,83,219,54,103,17,41,1.67,48
2018年03月伊犁PM2.5指数,2018-03-23,良,63,49,30,75,18,27,0.95,53
2018年03月伊犁PM2.5指数,2018-03-24,良,58,47,31,64,18,23,1.06,54
2018年03月伊犁PM2.5指数,2018-03-25,优,45,17,23,44,13,19,0.80,63
2018年03月伊犁PM2.5指数,2018-03-26,良,84,189,44,116,19,27,1.18,45
2018年03月伊犁PM2.5指数,2018-03-27,优,47,17,18,29,13,12,0.74,91
2018年03月伊犁PM2.5指数,2018-03-28,优,42,11,16,26,16,15,0.86,79
2018年03月伊犁PM2.5指数,2018-03-29,优,47,37,23,42,14,21,1.06,62
2018年03月伊犁PM2.5指数,2018-03-30,优,38,8,20,34,13,19,0.91,68
2018年03月伊犁PM2.5指数,2018-03-31,良,60,95,30,72,14,27,0.92,62
2018年02月伊犁PM2.5指数,2018-02-01,中度污染,199,350,155,194,67,82,4.91,30
2018年02月伊犁PM2.5指数,2018-02-02,中度污染,189,359,148,163,47,79,5.72,34
2018年02月伊犁PM2.5指数,2018-02-03,轻度污染,135,355,101,122,52,60,3.28,48
2018年02月伊犁PM2.5指数,2018-02-04,中度污染,157,362,119,139,45,51,2.40,49
2018年02月伊犁PM2.5指数,2018-02-05,中度污染,176,363,133,151,44,53,2.53,59
2018年02月伊犁PM2.5指数,2018-02-06,重度污染,203,363,156,187,51,61,3.07,52
2018年02月伊犁PM2.5指数,2018-02-07,轻度污染,109,294,81,92,36,33,1.46,72
2018年02月伊犁PM2.5指数,2018-02-08,良,69,89,49,59,36,29,1.20,61
2018年02月伊犁PM2.5指数,2018-02-09,轻度污染,116,193,87,106,32,46,2.07,63
2018年02月伊犁PM2.5指数,2018-02-10,轻度污染,132,290,98,120,36,64,3.48,48
2018年02月伊犁PM2.5指数,2018-02-11,轻度污染,121,312,91,113,47,57,2.56,54
2018年02月伊犁PM2.5指数,2018-02-12,轻度污染,135,354,101,122,42,65,3.26,47
2018年02月伊犁PM2.5指数,2018-02-13,轻度污染,150,354,113,139,43,67,3.48,41
2018年02月伊犁PM2.5指数,2018-02-14,轻度污染,133,337,101,120,63,62,3.14,46
2018年02月伊犁PM2.5指数,2018-02-15,轻度污染,121,303,90,108,51,46,2.31,45
2018年02月伊犁PM2.5指数,2018-02-16,优,50,17,34,39,31,26,1.11,68
2018年02月伊犁PM2.5指数,2018-02-17,轻度污染,122,270,92,104,42,51,2.83,47
2018年02月伊犁PM2.5指数,2018-02-18,轻度污染,137,324,103,115,51,30,1.39,76
2018年02月伊犁PM2.5指数,2018-02-19,良,75,258,53,65,38,28,0.99,70
2018年02月伊犁PM2.5指数,2018-02-20,良,89,282,65,81,33,41,1.90,66
2018年02月伊犁PM2.5指数,2018-02-21,良,97,298,71,92,36,54,2.93,46
2018年02月伊犁PM2.5指数,2018-02-22,良,75,235,54,71,36,37,1.69,65
2018年02月伊犁PM2.5指数,2018-02-23,良,85,296,60,73,43,36,1.68,54
2018年02月伊犁PM2.5指数,2018-02-24,良,77,270,56,70,31,49,2.64,45
2018年02月伊犁PM2.5指数,2018-02-25,轻度污染,105,322,77,98,43,50,2.74,41
2018年02月伊犁PM2.5指数,2018-02-26,轻度污染,138,312,104,125,40,50,2.73,41
2018年02月伊犁PM2.5指数,2018-02-27,轻度污染,111,283,83,95,43,52,3.24,29
2018年02月伊犁PM2.5指数,2018-02-28,良,70,202,50,52,29,25,1.23,52
2018年01月伊犁PM2.5指数,2018-01-01,中度污染,197,333,150,199,118,68,2.71,17
2018年01月伊犁PM2.5指数,2018-01-02,中度污染,166,314,127,151,77,57,2.10,26
2018年01月伊犁PM2.5指数,2018-01-03,中度污染,198,362,150,180,60,58,2.38,24
2018年01月伊犁PM2.5指数,2018-01-04,重度污染,232,365,181,226,81,73,3.22,14
2018年01月伊犁PM2.5指数,2018-01-05,严重污染,274,367,221,313,78,86,5.64,14
2018年01月伊犁PM2.5指数,2018-01-06,重度污染,222,363,175,271,64,89,6.89,27
2018年01月伊犁PM2.5指数,2018-01-07,重度污染,239,365,194,232,59,94,8.58,19
2018年01月伊犁PM2.5指数,2018-01-08,重度污染,213,363,170,210,67,93,8.26,19
2018年01月伊犁PM2.5指数,2018-01-09,中度污染,194,363,151,180,82,89,7.11,16
2018年01月伊犁PM2.5指数,2018-01-10,轻度污染,147,359,111,138,52,80,5.06,23
2018年01月伊犁PM2.5指数,2018-01-11,轻度污染,148,352,115,129,53,68,5.33,27
2018年01月伊犁PM2.5指数,2018-01-12,优,40,13,26,32,29,28,1.22,39
2018年01月伊犁PM2.5指数,2018-01-13,良,93,195,68,76,41,44,2.04,28
2018年01月伊犁PM2.5指数,2018-01-14,轻度污染,123,259,92,100,66,49,2.02,25
2018年01月伊犁PM2.5指数,2018-01-15,轻度污染,150,266,114,134,56,47,2.33,26
2018年01月伊犁PM2.5指数,2018-01-16,良,58,51,38,48,36,36,1.33,43
2018年01月伊犁PM2.5指数,2018-01-17,中度污染,161,275,121,152,51,68,3.61,14
2018年01月伊犁PM2.5指数,2018-01-18,重度污染,205,322,156,178,52,60,2.79,24
2018年01月伊犁PM2.5指数,2018-01-19,严重污染,274,346,225,286,66,92,6.08,18
2018年01月伊犁PM2.5指数,2018-01-20,轻度污染,141,235,107,135,58,74,3.76,31
2018年01月伊犁PM2.5指数,2018-01-21,重度污染,211,319,164,199,67,90,5.33,26
2018年01月伊犁PM2.5指数,2018-01-22,重度污染,239,353,191,232,46,76,6.06,24
2018年01月伊犁PM2.5指数,2018-01-23,中度污染,169,348,129,148,47,48,2.11,49
2018年01月伊犁PM2.5指数,2018-01-24,良,79,273,57,71,45,32,1.29,48
2018年01月伊犁PM2.5指数,2018-01-25,良,99,330,73,86,60,37,1.47,34
2018年01月伊犁PM2.5指数,2018-01-26,轻度污染,148,359,112,130,68,47,2.17,31
2018年01月伊犁PM2.5指数,2018-01-27,中度污染,171,362,130,163,70,51,2.59,30
2018年01月伊犁PM2.5指数,2018-01-28,中度污染,184,349,141,179,72,55,3.07,22
2018年01月伊犁PM2.5指数,2018-01-29,严重污染,252,362,201,248,91,69,3.89,26
2018年01月伊犁PM2.5指数,2018-01-30,轻度污染,122,279,90,117,58,43,2.06,61
2018年01月伊犁PM2.5指数,2018-01-31,中度污染,171,331,129,166,74,73,3.77,35
2017年12月伊犁PM2.5指数,2017-12-01,良,84,265,61,82,30,33,1.50,23
2017年12月伊犁PM2.5指数,2017-12-02,轻度污染,103,250,77,104,36,37,1.70,17
2017年12月伊犁PM2.5指数,2017-12-03,良,81,201,59,71,26,29,1.37,24
2017年12月伊犁PM2.5指数,2017-12-04,优,36,30,24,32,18,19,0.89,27
2017年12月伊犁PM2.5指数,2017-12-05,优,31,1,19,25,20,17,0.84,31
2017年12月伊犁PM2.5指数,2017-12-06,优,49,31,34,41,30,25,1.16,25
2017年12月伊犁PM2.5指数,2017-12-07,良,57,71,40,56,29,26,1.45,23
2017年12月伊犁PM2.5指数,2017-12-08,良,93,287,67,106,32,45,3.38,16
2017年12月伊犁PM2.5指数,2017-12-09,轻度污染,111,325,78,130,50,48,3.98,12
2017年12月伊犁PM2.5指数,2017-12-10,良,51,40,32,56,38,33,1.41,26
2017年12月伊犁PM2.5指数,2017-12-11,轻度污染,107,295,79,104,30,46,2.54,13
2017年12月伊犁PM2.5指数,2017-12-12,轻度污染,149,356,111,144,51,47,2.59,10
2017年12月伊犁PM2.5指数,2017-12-13,中度污染,151,357,114,156,73,56,2.35,8
2017年12月伊犁PM2.5指数,2017-12-14,轻度污染,137,322,104,138,51,53,1.92,10
2017年12月伊犁PM2.5指数,2017-12-15,轻度污染,142,311,108,141,42,46,1.91,10
2017年12月伊犁PM2.5指数,2017-12-16,重度污染,217,366,168,235,83,57,2.99,6
2017年12月伊犁PM2.5指数,2017-12-17,重度污染,246,366,195,269,85,75,4.33,7
2017年12月伊犁PM2.5指数,2017-12-18,严重污染,252,366,205,279,70,83,6.74,11
2017年12月伊犁PM2.5指数,2017-12-19,中度污染,190,364,146,213,54,70,6.34,14
2017年12月伊犁PM2.5指数,2017-12-20,中度污染,179,361,138,193,77,70,6.50,8
2017年12月伊犁PM2.5指数,2017-12-21,轻度污染,116,309,86,108,45,47,2.32,18
2017年12月伊犁PM2.5指数,2017-12-22,轻度污染,111,211,83,100,39,52,2.38,24
2017年12月伊犁PM2.5指数,2017-12-23,中度污染,185,309,141,173,42,68,4.94,8
2017年12月伊犁PM2.5指数,2017-12-24,轻度污染,134,278,101,136,39,63,3.88,23
2017年12月伊犁PM2.5指数,2017-12-25,良,60,62,36,68,35,48,1.97,37
2017年12月伊犁PM2.5指数,2017-12-26,良,88,156,64,98,57,56,2.93,11
2017年12月伊犁PM2.5指数,2017-12-27,良,60,65,40,57,41,34,2.06,33
2017年12月伊犁PM2.5指数,2017-12-28,优,39,23,17,38,28,26,1.09,48
2017年12月伊犁PM2.5指数,2017-12-29,良,68,83,49,67,45,45,1.93,38
2017年12月伊犁PM2.5指数,2017-12-30,重度污染,214,300,169,215,53,78,6.59,15
2017年12月伊犁PM2.5指数,2017-12-31,严重污染,281,355,230,296,63,86,5.13,8
2017年11月伊犁PM2.5指数,2017-11-01,良,92,207,59,126,23,50,1.89,28
2017年11月伊犁PM2.5指数,2017-11-02,良,99,215,60,142,21,54,2.00,29
2017年11月伊犁PM2.5指数,2017-11-03,轻度污染,128,303,87,187,26,51,2.96,29
2017年11月伊犁PM2.5指数,2017-11-04,良,65,145,34,85,25,33,1.13,33
2017年11月伊犁PM2.5指数,2017-11-05,优,37,10,21,33,15,29,1.13,43
2017年11月伊犁PM2.5指数,2017-11-06,良,66,89,42,74,20,50,1.87,11
2017年11月伊犁PM2.5指数,2017-11-07,优,38,11,25,32,18,24,1.20,34
2017年11月伊犁PM2.5指数,2017-11-08,优,37,35,21,36,21,30,1.23,39
2017年11月伊犁PM2.5指数,2017-11-09,良,60,111,35,69,19,43,2.11,26
2017年11月伊犁PM2.5指数,2017-11-10,良,57,114,37,57,20,33,1.63,29
2017年11月伊犁PM2.5指数,2017-11-11,优,36,46,24,33,16,30,1.15,39
2017年11月伊犁PM2.5指数,2017-11-12,良,51,89,30,54,17,42,1.59,36
2017年11月伊犁PM2.5指数,2017-11-13,良,74,227,50,89,27,50,2.49,20
2017年11月伊犁PM2.5指数,2017-11-14,轻度污染,125,332,89,169,28,51,4.31,19
2017年11月伊犁PM2.5指数,2017-11-15,轻度污染,124,329,93,161,41,52,3.49,11
2017年11月伊犁PM2.5指数,2017-11-16,优,49,95,33,42,21,30,1.21,31
2017年11月伊犁PM2.5指数,2017-11-17,良,51,122,33,52,20,35,1.49,30
2017年11月伊犁PM2.5指数,2017-11-18,良,52,211,32,50,23,35,1.49,42
2017年11月伊犁PM2.5指数,2017-11-19,良,73,261,52,76,28,44,2.10,16
2017年11月伊犁PM2.5指数,2017-11-20,良,71,252,51,79,25,44,2.01,28
2017年11月伊犁PM2.5指数,2017-11-21,轻度污染,107,294,77,138,33,61,3.66,20
2017年11月伊犁PM2.5指数,2017-11-22,良,96,297,65,117,30,52,3.56,23
2017年11月伊犁PM2.5指数,2017-11-23,良,81,300,50,109,32,50,2.30,28
2017年11月伊犁PM2.5指数,2017-11-24,良,80,266,50,104,34,53,2.31,23
2017年11月伊犁PM2.5指数,2017-11-25,轻度污染,117,338,85,159,40,63,3.72,20
2017年11月伊犁PM2.5指数,2017-11-26,轻度污染,114,329,84,148,52,62,3.76,13
2017年11月伊犁PM2.5指数,2017-11-27,良,77,189,55,82,38,42,1.92,11
2017年11月伊犁PM2.5指数,2017-11-28,良,76,134,55,69,25,31,1.60,10
2017年11月伊犁PM2.5指数,2017-11-29,良,99,267,73,103,29,38,2.06,22
2017年11月伊犁PM2.5指数,2017-11-30,良,98,346,73,98,27,35,2.41,12
2017年10月伊犁PM2.5指数,2017-10-01,优,47,149,29,43,8,25,1.10,36
2017年10月伊犁PM2.5指数,2017-10-02,良,73,316,50,91,10,40,2.06,31
2017年10月伊犁PM2.5指数,2017-10-03,良,71,350,46,83,25,40,1.17,39
2017年10月伊犁PM2.5指数,2017-10-05,优,33,99,12,17,7,17,0.88,57
2017年10月伊犁PM2.5指数,2017-10-06,优,47,160,27,47,9,27,1.33,32
2017年10月伊犁PM2.5指数,2017-10-07,良,69,254,45,83,13,34,1.93,34
2017年10月伊犁PM2.5指数,2017-10-08,良,65,237,43,74,18,38,1.68,36
2017年10月伊犁PM2.5指数,2017-10-09,良,54,230,27,57,10,33,1.17,55
2017年10月伊犁PM2.5指数,2017-10-10,良,85,342,51,117,17,47,2.14,40
2017年10月伊犁PM2.5指数,2017-10-11,良,95,360,58,132,18,50,2.07,38
2017年10月伊犁PM2.5指数,2017-10-12,轻度污染,114,362,76,174,22,58,2.31,36
2017年10月伊犁PM2.5指数,2017-10-13,良,100,347,65,142,16,53,2.11,42
2017年10月伊犁PM2.5指数,2017-10-14,良,95,325,55,134,17,60,1.81,44
2017年10月伊犁PM2.5指数,2017-10-15,轻度污染,105,327,72,155,19,57,2.50,38
2017年10月伊犁PM2.5指数,2017-10-16,轻度污染,117,337,77,176,20,60,2.33,37
2017年10月伊犁PM2.5指数,2017-10-17,轻度污染,116,343,79,175,23,62,2.13,45
2017年10月伊犁PM2.5指数,2017-10-18,轻度污染,139,355,63,205,20,48,1.73,39
2017年10月伊犁PM2.5指数,2017-10-19,优,35,67,13,27,9,21,0.75,54
2017年10月伊犁PM2.5指数,2017-10-20,优,50,133,29,53,14,37,1.39,21
2017年10月伊犁PM2.5指数,2017-10-21,良,60,169,32,73,19,39,1.41,36
2017年10月伊犁PM2.5指数,2017-10-22,轻度污染,108,315,76,139,23,53,2.80,24
2017年10月伊犁PM2.5指数,2017-10-23,良,89,296,59,122,22,51,2.53,30
2017年10月伊犁PM2.5指数,2017-10-24,轻度污染,122,353,87,167,29,54,2.70,26
2017年10月伊犁PM2.5指数,2017-10-25,良,96,258,69,126,37,51,1.82,34
2017年10月伊犁PM2.5指数,2017-10-26,良,64,109,43,74,18,35,1.56,28
2017年10月伊犁PM2.5指数,2017-10-27,良,64,94,43,67,18,42,1.93,28
2017年10月伊犁PM2.5指数,2017-10-28,良,100,255,73,121,20,46,2.84,20
2017年10月伊犁PM2.5指数,2017-10-29,轻度污染,105,342,73,133,24,51,2.83,23
2017年10月伊犁PM2.5指数,2017-10-30,良,95,337,63,126,29,50,2.56,21
2017年10月伊犁PM2.5指数,2017-10-31,良,97,299,68,130,29,52,1.89,26
2017年09月伊犁PM2.5指数,2017-09-01,良,73,308,33,80,10,35,1.29,69
2017年09月伊犁PM2.5指数,2017-09-02,良,72,297,32,85,11,37,1.21,67
2017年09月伊犁PM2.5指数,2017-09-03,良,78,322,38,91,10,39,1.18,69
2017年09月伊犁PM2.5指数,2017-09-04,良,73,324,32,85,10,37,1.13,72
2017年09月伊犁PM2.5指数,2017-09-05,良,78,327,35,98,10,36,1.14,70
2017年09月伊犁PM2.5指数,2017-09-06,良,66,311,21,59,7,19,0.79,104
2017年09月伊犁PM2.5指数,2017-09-07,良,74,300,28,96,9,18,0.80,76
2017年09月伊犁PM2.5指数,2017-09-08,良,68,271,32,82,10,33,1.10,29
2017年09月伊犁PM2.5指数,2017-09-09,良,70,254,26,69,8,24,0.92,103
2017年09月伊犁PM2.5指数,2017-09-10,良,83,351,43,107,12,37,1.25,62
2017年09月伊犁PM2.5指数,2017-09-11,良,76,322,35,97,10,36,1.08,61
2017年09月伊犁PM2.5指数,2017-09-12,良,86,328,30,118,8,23,0.80,66
2017年09月伊犁PM2.5指数,2017-09-13,良,64,199,27,75,8,21,0.76,66
2017年09月伊犁PM2.5指数,2017-09-14,良,79,300,43,105,9,35,1.12,46
2017年09月伊犁PM2.5指数,2017-09-15,良,75,271,38,95,10,38,1.09,59
2017年09月伊犁PM2.5指数,2017-09-16,良,77,267,44,96,11,42,1.24,62
2017年09月伊犁PM2.5指数,2017-09-17,良,84,267,48,104,11,42,1.31,65
2017年09月伊犁PM2.5指数,2017-09-18,良,85,236,47,106,11,46,1.38,65
2017年09月伊犁PM2.5指数,2017-09-19,良,86,256,46,111,10,48,1.40,60
2017年09月伊犁PM2.5指数,2017-09-20,良,77,299,38,101,10,46,1.25,50
2017年09月伊犁PM2.5指数,2017-09-21,良,76,276,38,97,12,41,1.14,57
2017年09月伊犁PM2.5指数,2017-09-22,良,68,237,31,80,13,39,1.05,59
2017年09月伊犁PM2.5指数,2017-09-23,良,78,272,39,102,11,38,1.09,55
2017年09月伊犁PM2.5指数,2017-09-24,优,46,137,16,48,7,11,0.67,67
2017年09月伊犁PM2.5指数,2017-09-25,良,76,307,45,80,20,31,1.03,43
2017年09月伊犁PM2.5指数,2017-09-26,良,77,328,45,96,17,41,1.23,43
2017年09月伊犁PM2.5指数,2017-09-27,良,91,355,58,119,16,55,1.71,31
2017年09月伊犁PM2.5指数,2017-09-28,良,70,309,26,88,11,28,0.91,70
2017年09月伊犁PM2.5指数,2017-09-29,良,70,277,25,71,6,17,0.70,58
2017年09月伊犁PM2.5指数,2017-09-30,优,40,97,25,25,7,20,0.80,36
2017年08月伊犁PM2.5指数,2017-08-01,良,78,307,34,78,11,28,0.98,92
2017年08月伊犁PM2.5指数,2017-08-02,良,69,335,25,53,9,20,0.80,103
2017年08月伊犁PM2.5指数,2017-08-03,良,74,315,30,81,12,31,0.94,88
2017年08月伊犁PM2.5指数,2017-08-04,良,77,302,29,95,11,27,0.97,95
2017年08月伊犁PM2.5指数,2017-08-05,良,63,227,15,33,9,11,0.71,114
2017年08月伊犁PM2.5指数,2017-08-06,良,62,222,14,34,8,17,0.78,114
2017年08月伊犁PM2.5指数,2017-08-07,良,63,233,20,46,10,24,0.89,97
2017年08月伊犁PM2.5指数,2017-08-08,良,74,318,29,66,11,35,1.16,84
2017年08月伊犁PM2.5指数,2017-08-09,良,68,298,28,64,12,28,1.05,92
2017年08月伊犁PM2.5指数,2017-08-10,良,69,257,26,67,11,30,1.02,90
2017年08月伊犁PM2.5指数,2017-08-11,良,90,314,31,112,11,27,0.98,93
2017年08月伊犁PM2.5指数,2017-08-12,良,57,235,17,44,6,10,0.74,97
2017年08月伊犁PM2.5指数,2017-08-13,优,48,192,15,28,9,15,0.75,93
2017年08月伊犁PM2.5指数,2017-08-14,良,57,249,28,56,9,29,1.03,66
2017年08月伊犁PM2.5指数,2017-08-15,良,63,264,28,66,10,23,1.02,87
2017年08月伊犁PM2.5指数,2017-08-16,良,56,219,23,49,9,24,0.87,85
2017年08月伊犁PM2.5指数,2017-08-17,良,53,211,15,36,8,14,0.75,99
2017年08月伊犁PM2.5指数,2017-08-18,优,50,191,18,38,9,19,0.78,85
2017年08月伊犁PM2.5指数,2017-08-19,优,48,174,18,37,9,19,0.76,81
2017年08月伊犁PM2.5指数,2017-08-20,良,60,275,26,60,11,31,1.00,59
2017年08月伊犁PM2.5指数,2017-08-21,良,52,166,21,53,11,26,0.86,62
2017年08月伊犁PM2.5指数,2017-08-22,良,64,254,29,67,14,32,1.06,65
2017年08月伊犁PM2.5指数,2017-08-23,良,56,245,19,43,12,17,0.75,113
2017年08月伊犁PM2.5指数,2017-08-24,优,48,225,14,27,7,14,0.70,89
2017年08月伊犁PM2.5指数,2017-08-25,优,50,221,21,39,10,25,0.93,80
2017年08月伊犁PM2.5指数,2017-08-26,良,53,253,14,27,8,21,0.84,90
2017年08月伊犁PM2.5指数,2017-08-27,良,51,211,17,35,9,25,0.95,86
2017年08月伊犁PM2.5指数,2017-08-28,良,63,319,26,55,10,38,1.22,71
2017年08月伊犁PM2.5指数,2017-08-29,良,72,359,33,71,12,40,1.28,78
2017年08月伊犁PM2.5指数,2017-08-30,良,69,349,27,70,10,38,1.19,78
2017年08月伊犁PM2.5指数,2017-08-31,良,54,256,21,45,10,21,0.87,94
2017年07月伊犁PM2.5指数,2017-07-01,良,62,223,26,46,13,24,0.81,84
2017年07月伊犁PM2.5指数,2017-07-02,良,62,244,21,48,12,25,0.89,93
2017年07月伊犁PM2.5指数,2017-07-03,良,60,232,24,47,13,22,0.87,97
2017年07月伊犁PM2.5指数,2017-07-04,良,64,228,28,56,12,29,0.92,85
2017年07月伊犁PM2.5指数,2017-07-05,良,62,219,23,53,12,23,0.84,93
2017年07月伊犁PM2.5指数,2017-07-06,良,65,272,28,66,17,27,0.94,84
2017年07月伊犁PM2.5指数,2017-07-07,良,73,316,33,76,13,26,0.95,86
2017年07月伊犁PM2.5指数,2017-07-08,良,76,300,29,68,11,22,0.93,108
2017年07月伊犁PM2.5指数,2017-07-09,良,78,321,27,70,11,22,0.97,113
2017年07月伊犁PM2.5指数,2017-07-10,良,72,272,33,88,13,30,1.15,79
2017年07月伊犁PM2.5指数,2017-07-11,良,56,168,19,48,11,14,0.93,107
2017年07月伊犁PM2.5指数,2017-07-12,良,60,188,18,40,11,14,0.97,109
2017年07月伊犁PM2.5指数,2017-07-13,良,77,276,34,81,11,24,1.07,98
2017年07月伊犁PM2.5指数,2017-07-14,良,66,258,14,38,6,11,0.76,108
2017年07月伊犁PM2.5指数,2017-07-15,良,52,205,20,32,8,15,0.83,94
2017年07月伊犁PM2.5指数,2017-07-16,良,68,272,25,55,10,27,1.00,92
2017年07月伊犁PM2.5指数,2017-07-17,良,56,198,15,37,12,15,0.91,106
2017年07月伊犁PM2.5指数,2017-07-18,良,62,223,18,38,9,17,0.88,109
2017年07月伊犁PM2.5指数,2017-07-19,良,70,294,28,55,10,20,0.92,99
2017年07月伊犁PM2.5指数,2017-07-20,良,67,268,25,64,9,24,0.94,77
2017年07月伊犁PM2.5指数,2017-07-21,良,67,300,20,50,10,21,0.90,97
2017年07月伊犁PM2.5指数,2017-07-22,良,66,263,19,53,10,22,0.84,99
2017年07月伊犁PM2.5指数,2017-07-23,良,71,253,23,61,10,28,0.95,95
2017年07月伊犁PM2.5指数,2017-07-24,良,72,267,24,61,10,27,0.99,94
2017年07月伊犁PM2.5指数,2017-07-25,良,66,236,18,45,10,18,0.87,113
2017年07月伊犁PM2.5指数,2017-07-26,良,79,279,31,72,14,31,1.10,101
2017年07月伊犁PM2.5指数,2017-07-27,良,81,289,35,77,12,29,1.16,93
2017年07月伊犁PM2.5指数,2017-07-28,良,74,272,25,64,10,23,0.99,110
2017年07月伊犁PM2.5指数,2017-07-29,良,72,295,29,68,11,25,1.03,95
2017年07月伊犁PM2.5指数,2017-07-30,良,81,298,39,80,12,25,1.03,97
2017年07月伊犁PM2.5指数,2017-07-31,良,74,268,32,65,13,25,0.90,97
2017年06月伊犁PM2.5指数,2017-06-01,良,70,217,43,86,13,32,0.97,53
2017年06月伊犁PM2.5指数,2017-06-02,优,42,78,20,38,10,15,0.77,78
2017年06月伊犁PM2.5指数,2017-06-03,良,51,122,23,38,10,23,0.78,80
2017年06月伊犁PM2.5指数,2017-06-04,良,58,194,27,52,11,27,0.83,81
2017年06月伊犁PM2.5指数,2017-06-05,优,48,153,16,31,9,12,0.69,88
2017年06月伊犁PM2.5指数,2017-06-06,优,45,129,21,31,9,19,0.78,71
2017年06月伊犁PM2.5指数,2017-06-07,良,54,141,17,41,8,8,0.63,84
2017年06月伊犁PM2.5指数,2017-06-08,优,42,73,18,20,8,12,0.77,82
2017年06月伊犁PM2.5指数,2017-06-09,优,47,137,23,37,11,21,0.91,75
2017年06月伊犁PM2.5指数,2017-06-10,良,60,244,19,52,11,28,1.08,81
2017年06月伊犁PM2.5指数,2017-06-11,良,59,227,24,61,12,25,1.13,61
2017年06月伊犁PM2.5指数,2017-06-12,优,40,83,14,25,10,18,1.03,78
2017年06月伊犁PM2.5指数,2017-06-13,优,50,168,18,43,11,24,1.20,85
2017年06月伊犁PM2.5指数,2017-06-14,良,66,228,24,66,14,21,1.18,99
2017年06月伊犁PM2.5指数,2017-06-15,良,74,221,33,86,15,24,1.06,104
2017年06月伊犁PM2.5指数,2017-06-16,良,63,180,25,64,10,16,0.84,101
2017年06月伊犁PM2.5指数,2017-06-17,良,62,158,26,58,11,21,0.93,92
2017年06月伊犁PM2.5指数,2017-06-18,良,60,164,15,43,10,14,0.83,105
2017年06月伊犁PM2.5指数,2017-06-19,良,55,176,20,44,11,20,0.95,88
2017年06月伊犁PM2.5指数,2017-06-20,良,66,246,22,65,13,19,0.93,90
2017年06月伊犁PM2.5指数,2017-06-21,良,51,137,20,40,13,18,0.91,84
2017年06月伊犁PM2.5指数,2017-06-22,良,57,216,27,59,13,25,0.95,75
2017年06月伊犁PM2.5指数,2017-06-23,良,53,185,18,45,13,17,0.85,96
2017年06月伊犁PM2.5指数,2017-06-24,良,55,202,24,41,12,18,0.81,90
2017年06月伊犁PM2.5指数,2017-06-25,优,50,166,25,46,11,20,0.87,77
2017年06月伊犁PM2.5指数,2017-06-26,优,47,130,16,26,10,13,0.78,94
2017年06月伊犁PM2.5指数,2017-06-27,优,47,114,13,26,11,11,0.75,93
2017年06月伊犁PM2.5指数,2017-06-28,优,49,111,13,33,11,12,0.74,95
2017年06月伊犁PM2.5指数,2017-06-29,优,39,78,13,23,9,14,0.78,78
2017年06月伊犁PM2.5指数,2017-06-30,优,47,147,11,21,11,14,0.80,92
2017年05月伊犁PM2.5指数,2017-05-01,优,35,6,16,19,9,15,1.16,67
2017年05月伊犁PM2.5指数,2017-05-02,优,38,17,11,24,9,12,0.81,73
2017年05月伊犁PM2.5指数,2017-05-03,优,46,69,18,42,12,27,0.97,61
2017年05月伊犁PM2.5指数,2017-05-04,优,50,135,21,46,11,25,0.85,71
2017年05月伊犁PM2.5指数,2017-05-05,良,54,84,23,55,11,26,0.84,75
2017年05月伊犁PM2.5指数,2017-05-06,良,65,98,33,78,12,26,0.78,69
2017年05月伊犁PM2.5指数,2017-05-07,良,67,130,33,76,11,30,0.85,51
2017年05月伊犁PM2.5指数,2017-05-08,优,41,37,18,35,10,20,0.81,64
2017年05月伊犁PM2.5指数,2017-05-09,良,62,183,34,62,13,32,0.97,63
2017年05月伊犁PM2.5指数,2017-05-10,良,52,50,23,43,12,23,0.78,82
2017年05月伊犁PM2.5指数,2017-05-11,良,71,187,32,87,13,29,0.88,66
2017年05月伊犁PM2.5指数,2017-05-12,优,49,80,18,30,10,18,0.80,93
2017年05月伊犁PM2.5指数,2017-05-13,良,64,165,32,62,12,33,0.94,81
2017年05月伊犁PM2.5指数,2017-05-14,良,59,125,32,61,12,25,0.81,79
2017年05月伊犁PM2.5指数,2017-05-15,良,72,273,43,91,11,28,0.87,83
2017年05月伊犁PM2.5指数,2017-05-16,良,76,294,46,93,13,32,1.03,72
2017年05月伊犁PM2.5指数,2017-05-17,良,62,103,36,69,12,19,0.83,71
2017年05月伊犁PM2.5指数,2017-05-18,良,73,148,37,87,11,18,0.85,68
2017年05月伊犁PM2.5指数,2017-05-19,优,42,30,14,17,17,9,0.64,82
2017年05月伊犁PM2.5指数,2017-05-20,优,46,59,22,36,14,19,0.76,78
2017年05月伊犁PM2.5指数,2017-05-20,优,46,59,22,36,14,19,0.76,78
2017年05月伊犁PM2.5指数,2017-05-21,优,50,113,25,33,12,20,0.72,82
2017年05月伊犁PM2.5指数,2017-05-22,良,60,233,36,59,16,31,0.90,73
2017年05月伊犁PM2.5指数,2017-05-23,良,65,304,33,45,11,22,0.79,112
2017年05月伊犁PM2.5指数,2017-05-24,良,74,305,45,85,14,23,0.89,81
2017年05月伊犁PM2.5指数,2017-05-25,良,74,259,43,96,13,27,0.96,79
2017年05月伊犁PM2.5指数,2017-05-26,良,57,101,35,56,12,17,0.80,75
2017年05月伊犁PM2.5指数,2017-05-27,优,37,6,13,17,9,14,0.81,76
2017年05月伊犁PM2.5指数,2017-05-28,优,46,8,21,37,14,26,0.92,71
2017年05月伊犁PM2.5指数,2017-05-29,良,51,47,23,40,12,16,0.81,88
2017年05月伊犁PM2.5指数,2017-05-30,良,54,80,30,47,12,18,0.81,72
2017年05月伊犁PM2.5指数,2017-05-31,优,48,68,26,36,11,16,0.81,79
2017年04月伊犁PM2.5指数,2017-04-01,良,62,128,38,72,20,28,1.12,44
2017年04月伊犁PM2.5指数,2017-04-02,优,40,14,12,26,18,18,0.84,68
2017年04月伊犁PM2.5指数,2017-04-03,优,39,7,18,39,17,15,0.72,54
2017年04月伊犁PM2.5指数,2017-04-04,优,29,2,14,20,13,18,0.83,53
2017年04月伊犁PM2.5指数,2017-04-05,优,47,32,27,48,19,28,1.24,45
2017年04月伊犁PM2.5指数,2017-04-06,优,41,18,26,40,17,27,1.21,41
2017年04月伊犁PM2.5指数,2017-04-07,优,39,21,21,36,21,20,0.85,56
2017年04月伊犁PM2.5指数,2017-04-08,优,36,20,18,30,16,18,0.83,64
2017年04月伊犁PM2.5指数,2017-04-09,优,42,93,24,41,15,27,1.35,59
2017年04月伊犁PM2.5指数,2017-04-10,优,43,101,18,38,12,28,1.13,69
2017年04月伊犁PM2.5指数,2017-04-11,良,51,140,27,53,12,30,1.12,70
2017年04月伊犁PM2.5指数,2017-04-12,良,54,115,32,54,13,30,1.23,62
2017年04月伊犁PM2.5指数,2017-04-13,优,38,11,17,31,11,21,1.01,60
2017年04月伊犁PM2.5指数,2017-04-14,优,33,1,11,17,10,16,0.89,62
2017年04月伊犁PM2.5指数,2017-04-15,优,31,3,13,22,10,22,1.19,63
2017年04月伊犁PM2.5指数,2017-04-16,优,41,16,13,34,11,25,1.03,65
2017年04月伊犁PM2.5指数,2017-04-17,优,47,64,25,51,12,25,1.11,45
2017年04月伊犁PM2.5指数,2017-04-18,优,37,13,20,35,10,24,1.24,47
2017年04月伊犁PM2.5指数,2017-04-19,良,52,77,19,54,10,30,1.03,62
2017年04月伊犁PM2.5指数,2017-04-20,良,62,166,17,63,10,31,0.97,75
2017年04月伊犁PM2.5指数,2017-04-21,良,75,272,35,90,14,37,1.12,76
2017年04月伊犁PM2.5指数,2017-04-22,优,48,57,22,50,14,23,0.87,67
2017年04月伊犁PM2.5指数,2017-04-23,优,33,4,18,30,10,25,1.32,48
2017年04月伊犁PM2.5指数,2017-04-23,优,33,4,18,30,10,25,1.32,48
2017年04月伊犁PM2.5指数,2017-04-24,优,41,37,19,36,13,23,1.29,59
2017年04月伊犁PM2.5指数,2017-04-25,良,59,171,26,63,13,37,1.47,58
2017年04月伊犁PM2.5指数,2017-04-26,良,72,299,36,90,13,36,1.54,59
2017年04月伊犁PM2.5指数,2017-04-27,良,68,263,28,82,12,24,1.17,81
2017年04月伊犁PM2.5指数,2017-04-28,良,65,168,25,78,14,17,1.05,58
2017年04月伊犁PM2.5指数,2017-04-29,优,33,4,12,15,9,11,0.98,61
2017年04月伊犁PM2.5指数,2017-04-30,优,28,2,13,18,12,15,1.04,54
2017年03月伊犁PM2.5指数,2017-03-01,良,95,273,69,104,45,67,4.12,35
2017年03月伊犁PM2.5指数,2017-03-02,良,94,332,68,95,38,43,2.54,31
2017年03月伊犁PM2.5指数,2017-03-03,良,61,59,44,50,25,25,1.40,39
2017年03月伊犁PM2.5指数,2017-03-04,良,61,61,42,55,23,25,1.18,51
2017年03月伊犁PM2.5指数,2017-03-05,轻度污染,109,301,81,114,24,45,2.33,43
2017年03月伊犁PM2.5指数,2017-03-06,良,84,287,62,86,22,24,1.29,45
2017年03月伊犁PM2.5指数,2017-03-07,良,81,284,59,82,19,22,1.26,61
2017年03月伊犁PM2.5指数,2017-03-08,轻度污染,121,348,91,130,33,47,2.45,44
2017年03月伊犁PM2.5指数,2017-03-09,良,88,264,64,91,20,35,1.76,55
2017年03月伊犁PM2.5指数,2017-03-10,良,94,254,69,104,28,47,2.76,35
2017年03月伊犁PM2.5指数,2017-03-11,优,42,32,25,37,21,17,0.87,53
2017年03月伊犁PM2.5指数,2017-03-12,优,44,53,30,41,16,22,1.10,48
2017年03月伊犁PM2.5指数,2017-03-13,轻度污染,105,360,78,108,30,46,2.66,34
2017年03月伊犁PM2.5指数,2017-03-14,良,54,175,35,53,24,21,1.00,48
2017年03月伊犁PM2.5指数,2017-03-15,良,62,166,44,56,16,25,1.24,47
2017年03月伊犁PM2.5指数,2017-03-16,良,73,211,52,74,21,35,1.93,47
2017年03月伊犁PM2.5指数,2017-03-17,良,62,128,42,62,20,30,1.52,59
2017年03月伊犁PM2.5指数,2017-03-18,良,56,94,38,58,21,29,1.47,48
2017年03月伊犁PM2.5指数,2017-03-19,良,63,145,44,62,23,27,1.10,43
2017年03月伊犁PM2.5指数,2017-03-20,优,50,84,34,44,13,20,0.92,48
2017年03月伊犁PM2.5指数,2017-03-21,良,57,113,38,55,15,32,1.63,53
2017年03月伊犁PM2.5指数,2017-03-22,优,49,117,28,52,16,31,1.46,62
2017年03月伊犁PM2.5指数,2017-03-23,良,57,168,33,65,15,35,1.50,62
2017年03月伊犁PM2.5指数,2017-03-24,良,57,140,33,64,19,36,1.49,54
2017年03月伊犁PM2.5指数,2017-03-25,良,67,190,33,83,17,30,1.41,58
2017年03月伊犁PM2.5指数,2017-03-26,良,93,303,53,134,24,38,1.76,47
2017年03月伊犁PM2.5指数,2017-03-27,优,37,8,19,37,21,16,0.83,48
2017年03月伊犁PM2.5指数,2017-03-28,良,59,71,40,67,19,29,1.53,27
2017年03月伊犁PM2.5指数,2017-03-29,优,43,13,22,42,15,27,1.15,50
2017年03月伊犁PM2.5指数,2017-03-30,良,73,197,26,98,15,22,0.93,62
2017年03月伊犁PM2.5指数,2017-03-31,优,43,62,20,41,14,17,0.84,61
2017年02月伊犁PM2.5指数,2017-02-01,轻度污染,131,336,98,121,35,38,2.28,39
2017年02月伊犁PM2.5指数,2017-02-02,轻度污染,132,305,100,120,45,50,2.76,28
2017年02月伊犁PM2.5指数,2017-02-03,重度污染,202,331,157,192,62,81,5.07,23
2017年02月伊犁PM2.5指数,2017-02-04,良,86,167,58,74,46,33,2.25,49
2017年02月伊犁PM2.5指数,2017-02-05,良,71,154,49,57,41,37,2.29,47
2017年02月伊犁PM2.5指数,2017-02-06,轻度污染,119,286,89,102,32,60,3.86,35
2017年02月伊犁PM2.5指数,2017-02-07,中度污染,181,361,138,165,47,89,5.93,26
2017年02月伊犁PM2.5指数,2017-02-08,中度污染,190,362,148,182,55,99,7.72,24
2017年02月伊犁PM2.5指数,2017-02-09,轻度污染,113,326,84,88,43,71,3.90,39
2017年02月伊犁PM2.5指数,2017-02-10,轻度污染,144,354,109,130,49,76,4.64,40
2017年02月伊犁PM2.5指数,2017-02-11,中度污染,155,349,117,137,46,69,3.37,39
2017年02月伊犁PM2.5指数,2017-02-12,轻度污染,122,276,91,107,38,33,1.49,52
2017年02月伊犁PM2.5指数,2017-02-13,中度污染,191,343,147,172,52,49,2.36,56
2017年02月伊犁PM2.5指数,2017-02-14,重度污染,219,336,170,201,49,59,3.28,57
2017年02月伊犁PM2.5指数,2017-02-15,轻度污染,142,268,107,117,42,47,2.13,42
2017年02月伊犁PM2.5指数,2017-02-16,中度污染,180,334,141,161,43,61,3.30,34
2017年02月伊犁PM2.5指数,2017-02-17,中度污染,177,354,135,156,39,75,4.71,32
2017年02月伊犁PM2.5指数,2017-02-18,轻度污染,129,305,97,108,51,38,2.05,54
2017年02月伊犁PM2.5指数,2017-02-19,良,52,31,31,46,54,22,1.13,49
2017年02月伊犁PM2.5指数,2017-02-20,优,40,18,25,31,21,31,1.48,55
2017年02月伊犁PM2.5指数,2017-02-21,良,78,293,56,73,34,53,2.59,44
2017年02月伊犁PM2.5指数,2017-02-22,良,97,293,72,94,33,61,3.14,42
2017年02月伊犁PM2.5指数,2017-02-23,轻度污染,125,329,93,120,39,71,4.36,35
2017年02月伊犁PM2.5指数,2017-02-24,轻度污染,113,328,81,117,42,66,3.70,37
2017年02月伊犁PM2.5指数,2017-02-25,良,83,238,58,88,42,57,2.92,40
2017年02月伊犁PM2.5指数,2017-02-26,良,91,258,67,81,37,46,2.13,44
2017年02月伊犁PM2.5指数,2017-02-27,轻度污染,124,321,92,109,39,46,2.49,50
2017年02月伊犁PM2.5指数,2017-02-28,良,68,105,44,67,27,36,1.76,58
2017年01月伊犁PM2.5指数,2017-01-01,良,88,96,65,78,37,49,2.15,30
2017年01月伊犁PM2.5指数,2017-01-02,良,100,114,74,72,32,64,3.41,34
2017年01月伊犁PM2.5指数,2017-01-03,良,87,95,64,81,38,66,3.50,28
2017年01月伊犁PM2.5指数,2017-01-04,良,94,104,69,70,32,58,2.58,38
2017年01月伊犁PM2.5指数,2017-01-05,中度污染,171,279,130,148,37,81,5.38,16
2017年01月伊犁PM2.5指数,2017-01-06,轻度污染,105,240,78,85,37,52,2.22,41
2017年01月伊犁PM2.5指数,2017-01-07,中度污染,154,311,117,133,36,78,4.58,26
2017年01月伊犁PM2.5指数,2017-01-08,中度污染,154,314,116,137,40,82,4.92,25
2017年01月伊犁PM2.5指数,2017-01-09,重度污染,205,352,159,191,48,96,5.89,17
2017年01月伊犁PM2.5指数,2017-01-10,中度污染,181,340,142,180,47,91,6.78,23
2017年01月伊犁PM2.5指数,2017-01-11,轻度污染,118,294,88,110,49,77,4.45,26
2017年01月伊犁PM2.5指数,2017-01-12,良,95,258,69,90,48,66,3.19,32
2017年01月伊犁PM2.5指数,2017-01-13,良,81,215,59,79,44,55,2.58,37
2017年01月伊犁PM2.5指数,2017-01-14,良,82,228,58,77,29,37,1.92,40
2017年01月伊犁PM2.5指数,2017-01-15,中度污染,160,342,121,144,37,59,4.12,40
2017年01月伊犁PM2.5指数,2017-01-16,严重污染,318,360,271,283,61,99,7.12,28
2017年01月伊犁PM2.5指数,2017-01-17,严重污染,290,353,240,266,54,98,7.39,31
2017年01月伊犁PM2.5指数,2017-01-18,严重污染,279,345,230,250,63,99,6.75,21
2017年01月伊犁PM2.5指数,2017-01-19,重度污染,221,350,175,181,62,97,6.83,20
2017年01月伊犁PM2.5指数,2017-01-20,轻度污染,124,329,93,71,40,67,3.70,34
2017年01月伊犁PM2.5指数,2017-01-21,轻度污染,116,329,85,107,47,81,5.19,25
2017年01月伊犁PM2.5指数,2017-01-22,轻度污染,108,273,81,88,50,71,3.56,28
2017年01月伊犁PM2.5指数,2017-01-23,轻度污染,125,285,94,116,56,74,3.34,30
2017年01月伊犁PM2.5指数,2017-01-24,良,80,156,58,69,49,40,1.65,41
2017年01月伊犁PM2.5指数,2017-01-25,优,44,28,30,34,29,41,1.97,38
2017年01月伊犁PM2.5指数,2017-01-26,轻度污染,109,182,81,97,53,61,4.40,25
2017年01月伊犁PM2.5指数,2017-01-27,中度污染,175,319,132,158,74,77,5.08,26
2017年01月伊犁PM2.5指数,2017-01-28,重度污染,241,309,196,225,89,76,6.29,30
2017年01月伊犁PM2.5指数,2017-01-29,中度污染,165,320,124,141,67,67,4.10,35
2017年01月伊犁PM2.5指数,2017-01-30,中度污染,160,352,121,141,67,70,4.04,35
2017年01月伊犁PM2.5指数,2017-01-31,中度污染,158,355,119,135,53,65,3.74,29
2016年12月伊犁PM2.5指数,2016-12-01,重度污染,231,360,189,66,53,90,9.18,17
2016年12月伊犁PM2.5指数,2016-12-02,良,97,192,69,95,45,70,5.03,21
2016年12月伊犁PM2.5指数,2016-12-03,良,65,73,44,63,46,54,2.62,34
2016年12月伊犁PM2.5指数,2016-12-04,良,57,49,38,57,48,45,1.86,28
2016年12月伊犁PM2.5指数,2016-12-05,良,75,118,54,72,30,43,2.80,16
2016年12月伊犁PM2.5指数,2016-12-06,轻度污染,120,285,90,117,39,55,5.70,11
2016年12月伊犁PM2.5指数,2016-12-07,良,85,120,61,93,40,52,3.38,11
2016年12月伊犁PM2.5指数,2016-12-08,良,69,57,49,59,24,37,2.07,17
2016年12月伊犁PM2.5指数,2016-12-09,良,90,151,66,88,24,41,2.92,8
2016年12月伊犁PM2.5指数,2016-12-10,良,60,78,42,57,26,32,1.92,18
2016年12月伊犁PM2.5指数,2016-12-11,良,76,130,54,78,21,32,1.65,17
2016年12月伊犁PM2.5指数,2016-12-12,轻度污染,133,276,100,140,27,43,3.46,11
2016年12月伊犁PM2.5指数,2016-12-13,轻度污染,102,259,75,97,28,39,2.38,14
2016年12月伊犁PM2.5指数,2016-12-14,良,90,273,64,101,37,56,3.74,19
2016年12月伊犁PM2.5指数,2016-12-15,良,88,216,60,109,36,53,3.50,20
2016年12月伊犁PM2.5指数,2016-12-16,轻度污染,116,239,81,139,35,58,5.80,16
2016年12月伊犁PM2.5指数,2016-12-17,良,96,151,68,109,53,50,4.06,14
2016年12月伊犁PM2.5指数,2016-12-18,优,38,9,22,35,39,27,1.10,23
2016年12月伊犁PM2.5指数,2016-12-19,优,31,2,19,28,29,23,1.02,31
2016年12月伊犁PM2.5指数,2016-12-20,良,65,69,47,57,24,40,1.77,30
2016年12月伊犁PM2.5指数,2016-12-21,良,90,192,66,88,32,60,3.42,22
2016年12月伊犁PM2.5指数,2016-12-22,轻度污染,110,280,82,98,39,64,3.60,12
2016年12月伊犁PM2.5指数,2016-12-23,轻度污染,120,288,89,107,45,53,2.91,11
2016年12月伊犁PM2.5指数,2016-12-24,优,44,26,23,35,44,26,1.21,43
2016年12月伊犁PM2.5指数,2016-12-25,优,46,79,32,38,32,44,2.05,36
2016年12月伊犁PM2.5指数,2016-12-26,良,76,286,54,73,42,58,3.12,36
2016年12月伊犁PM2.5指数,2016-12-27,良,81,280,57,74,53,59,3.20,25
2016年12月伊犁PM2.5指数,2016-12-28,良,82,221,59,67,38,44,2.53,24
2016年12月伊犁PM2.5指数,2016-12-29,轻度污染,128,289,96,111,30,66,4.72,16
2016年12月伊犁PM2.5指数,2016-12-30,良,80,124,58,72,27,43,2.03,22
2016年12月伊犁PM2.5指数,2016-12-31,良,70,67,50,56,28,41,1.99,42
2016年11月伊犁PM2.5指数,2016-11-01,良,95,327,65,118,37,54,2.55,18
2016年11月伊犁PM2.5指数,2016-11-02,良,82,253,54,93,32,55,2.15,17
2016年11月伊犁PM2.5指数,2016-11-03,良,69,162,41,84,25,49,1.62,22
2016年11月伊犁PM2.5指数,2016-11-04,良,82,184,31,115,41,26,1.00,37
2016年11月伊犁PM2.5指数,2016-11-05,优,35,15,18,33,15,28,1.16,36
2016年11月伊犁PM2.5指数,2016-11-06,优,44,28,21,45,16,30,1.27,44
2016年11月伊犁PM2.5指数,2016-11-07,良,83,199,60,91,37,54,2.63,21
2016年11月伊犁PM2.5指数,2016-11-08,良,77,270,53,88,32,50,2.04,20
2016年11月伊犁PM2.5指数,2016-11-09,良,81,277,56,84,26,49,2.08,21
2016年11月伊犁PM2.5指数,2016-11-10,轻度污染,125,325,92,146,51,69,2.35,29
2016年11月伊犁PM2.5指数,2016-11-11,轻度污染,149,338,112,169,38,63,3.96,19
2016年11月伊犁PM2.5指数,2016-11-12,优,41,28,27,37,32,31,1.10,44
2016年11月伊犁PM2.5指数,2016-11-13,优,29,6,16,23,11,27,1.06,48
2016年11月伊犁PM2.5指数,2016-11-14,良,59,84,40,63,22,40,1.95,22
2016年11月伊犁PM2.5指数,2016-11-15,优,44,42,24,44,20,28,1.03,49
2016年11月伊犁PM2.5指数,2016-11-16,良,58,94,41,45,11,33,1.34,28
2016年11月伊犁PM2.5指数,2016-11-17,优,29,2,17,24,38,22,0.89,42
2016年11月伊犁PM2.5指数,2016-11-18,优,44,29,28,24,17,23,1.11,53
2016年11月伊犁PM2.5指数,2016-11-19,良,65,113,46,55,17,32,1.54,40
2016年11月伊犁PM2.5指数,2016-11-20,优,42,51,23,40,27,19,0.98,47
2016年11月伊犁PM2.5指数,2016-11-21,良,90,296,65,74,37,37,1.62,32
2016年11月伊犁PM2.5指数,2016-11-22,中度污染,156,366,118,130,37,42,2.05,39
2016年11月伊犁PM2.5指数,2016-11-23,轻度污染,114,352,85,93,35,35,1.96,50
2016年11月伊犁PM2.5指数,2016-11-24,轻度污染,103,314,77,87,26,32,1.80,52
2016年11月伊犁PM2.5指数,2016-11-25,中度污染,179,343,137,163,57,72,4.46,17
2016年11月伊犁PM2.5指数,2016-11-26,重度污染,221,358,173,220,57,72,5.46,19
2016年11月伊犁PM2.5指数,2016-11-27,轻度污染,111,256,83,87,39,48,2.31,39
2016年11月伊犁PM2.5指数,2016-11-28,中度污染,159,348,122,110,45,69,3.80,29
2016年11月伊犁PM2.5指数,2016-11-29,轻度污染,149,316,114,115,46,79,5.47,25
2016年11月伊犁PM2.5指数,2016-11-30,重度污染,216,361,170,147,64,99,8.31,13
2016年10月伊犁PM2.5指数,2016-10-01,优,46,109,23,46,7,15,1.93,45
2016年10月伊犁PM2.5指数,2016-10-02,优,30,30,13,24,5,13,0.82,36
2016年10月伊犁PM2.5指数,2016-10-03,优,30,23,8,17,5,15,0.80,52
2016年10月伊犁PM2.5指数,2016-10-04,优,35,24,17,30,8,29,1.09,37
2016年10月伊犁PM2.5指数,2016-10-05,优,42,73,22,40,11,42,0.95,29
2016年10月伊犁PM2.5指数,2016-10-06,优,39,64,21,37,10,32,0.82,35
2016年10月伊犁PM2.5指数,2016-10-07,良,58,222,38,66,19,37,1.49,29
2016年10月伊犁PM2.5指数,2016-10-08,良,66,265,43,74,18,40,1.31,35
2016年10月伊犁PM2.5指数,2016-10-09,良,79,347,50,104,20,45,1.50,32
2016年10月伊犁PM2.5指数,2016-10-10,轻度污染,107,355,77,145,18,55,1.90,20
2016年10月伊犁PM2.5指数,2016-10-11,良,90,327,62,119,17,52,1.49,26
2016年10月伊犁PM2.5指数,2016-10-12,轻度污染,124,337,92,149,20,63,1.97,26
2016年10月伊犁PM2.5指数,2016-10-13,轻度污染,124,329,91,155,22,63,2.02,26
2016年10月伊犁PM2.5指数,2016-10-14,优,47,86,21,51,6,20,0.73,37
2016年10月伊犁PM2.5指数,2016-10-15,优,47,104,31,49,13,31,1.24,18
2016年10月伊犁PM2.5指数,2016-10-16,良,77,280,56,79,27,38,3.25,16
2016年10月伊犁PM2.5指数,2016-10-17,良,68,215,47,74,32,41,1.88,14
2016年10月伊犁PM2.5指数,2016-10-18,优,37,48,18,37,18,30,1.05,33
2016年10月伊犁PM2.5指数,2016-10-19,优,36,67,16,36,23,23,0.77,41
2016年10月伊犁PM2.5指数,2016-10-20,良,58,191,36,64,30,44,1.51,19
2016年10月伊犁PM2.5指数,2016-10-21,轻度污染,102,341,75,114,44,52,2.76,18
2016年10月伊犁PM2.5指数,2016-10-22,良,91,350,63,114,47,55,2.03,14
2016年10月伊犁PM2.5指数,2016-10-23,优,43,182,26,43,21,33,0.79,33
2016年10月伊犁PM2.5指数,2016-10-24,优,44,152,26,45,25,32,1.00,28
2016年10月伊犁PM2.5指数,2016-10-25,优,32,45,20,29,18,25,0.87,25
2016年10月伊犁PM2.5指数,2016-10-26,优,27,25,17,23,23,21,0.74,31
2016年10月伊犁PM2.5指数,2016-10-27,优,37,105,20,35,16,29,0.89,36
2016年10月伊犁PM2.5指数,2016-10-28,良,64,310,35,75,28,51,1.59,21
2016年10月伊犁PM2.5指数,2016-10-29,良,96,358,65,135,50,57,2.64,14
2016年10月伊犁PM2.5指数,2016-10-30,良,67,278,38,81,49,42,1.68,28
2016年10月伊犁PM2.5指数,2016-10-31,良,53,225,34,54,32,40,1.51,29
2016年09月伊犁PM2.5指数,2016-09-01,良,56,174,20,57,12,25,0.93,67
2016年09月伊犁PM2.5指数,2016-09-02,良,67,240,24,73,10,26,1.01,66
2016年09月伊犁PM2.5指数,2016-09-03,良,78,247,40,103,13,37,1.36,52
2016年09月伊犁PM2.5指数,2016-09-04,良,63,176,27,68,11,26,1.08,68
2016年09月伊犁PM2.5指数,2016-09-05,良,60,178,24,67,8,31,1.20,50
2016年09月伊犁PM2.5指数,2016-09-06,良,54,162,22,52,8,26,1.04,66
2016年09月伊犁PM2.5指数,2016-09-07,良,62,245,23,68,10,32,1.13,53
2016年09月伊犁PM2.5指数,2016-09-08,良,66,216,27,71,12,32,1.12,67
2016年09月伊犁PM2.5指数,2016-09-09,良,53,142,25,55,10,28,1.10,89
2016年09月伊犁PM2.5指数,2016-09-10,良,60,210,27,59,13,27,1.55,84
2016年09月伊犁PM2.5指数,2016-09-11,良,60,225,19,63,10,20,1.21,74
2016年09月伊犁PM2.5指数,2016-09-12,良,88,324,27,107,11,12,0.86,94
2016年09月伊犁PM2.5指数,2016-09-13,良,61,187,24,73,11,16,0.97,56
2016年09月伊犁PM2.5指数,2016-09-14,优,35,34,10,20,4,15,0.78,60
2016年09月伊犁PM2.5指数,2016-09-15,优,41,110,17,34,7,26,0.97,58
2016年09月伊犁PM2.5指数,2016-09-16,良,62,242,32,65,12,38,1.34,58
2016年09月伊犁PM2.5指数,2016-09-17,良,64,263,31,70,9,42,1.28,54
2016年09月伊犁PM2.5指数,2016-09-18,良,73,307,36,95,13,50,1.32,31
2016年09月伊犁PM2.5指数,2016-09-19,良,61,262,27,70,11,31,1.10,60
2016年09月伊犁PM2.5指数,2016-09-20,良,82,339,43,113,14,45,1.43,41
2016年09月伊犁PM2.5指数,2016-09-21,良,64,184,28,75,11,29,1.04,61
2016年09月伊犁PM2.5指数,2016-09-22,良,62,142,27,73,9,30,1.18,52
2016年09月伊犁PM2.5指数,2016-09-23,良,72,206,34,92,11,36,1.77,44
2016年09月伊犁PM2.5指数,2016-09-24,良,54,88,19,60,10,22,1.39,48
2016年09月伊犁PM2.5指数,2016-09-25,良,62,163,27,74,11,32,1.26,40
2016年09月伊犁PM2.5指数,2016-09-26,良,56,110,24,64,10,27,1.05,46
2016年09月伊犁PM2.5指数,2016-09-27,良,61,216,28,72,10,37,1.21,28
2016年09月伊犁PM2.5指数,2016-09-28,良,62,289,29,72,16,36,1.17,25
2016年09月伊犁PM2.5指数,2016-09-29,良,66,295,33,81,13,40,1.29,27
2016年09月伊犁PM2.5指数,2016-09-30,良,68,256,37,83,17,28,1.95,57
2016年08月伊犁PM2.5指数,2016-08-01,优,37,91,10,20,4,10,1.28,79
2016年08月伊犁PM2.5指数,2016-08-02,优,37,88,10,20,16,16,1.92,69
2016年08月伊犁PM2.5指数,2016-08-03,优,45,188,16,42,27,26,1.69,60
2016年08月伊犁PM2.5指数,2016-08-04,良,63,278,19,48,15,23,1.48,93
2016年08月伊犁PM2.5指数,2016-08-05,良,61,267,27,70,4,33,2.07,63
2016年08月伊犁PM2.5指数,2016-08-06,良,67,294,33,83,5,35,2.01,33
2016年08月伊犁PM2.5指数,2016-08-07,良,53,256,23,56,5,21,1.12,58
2016年08月伊犁PM2.5指数,2016-08-08,优,48,208,14,35,5,15,0.71,87
2016年08月伊犁PM2.5指数,2016-08-09,优,48,178,14,32,6,16,0.73,88
2016年08月伊犁PM2.5指数,2016-08-10,良,71,321,22,88,8,27,0.96,70
2016年08月伊犁PM2.5指数,2016-08-11,良,73,315,29,90,8,30,1.03,68
2016年08月伊犁PM2.5指数,2016-08-12,良,53,197,15,49,5,17,0.88,86
2016年08月伊犁PM2.5指数,2016-08-13,良,59,252,27,68,15,31,1.60,53
2016年08月伊犁PM2.5指数,2016-08-14,良,73,320,27,77,18,29,1.49,64
2016年08月伊犁PM2.5指数,2016-08-15,良,60,294,23,61,12,25,1.42,66
2016年08月伊犁PM2.5指数,2016-08-16,优,46,133,15,41,11,17,1.24,67
2016年08月伊犁PM2.5指数,2016-08-17,良,51,141,19,46,7,24,1.48,62
2016年08月伊犁PM2.5指数,2016-08-18,良,57,201,22,55,8,27,1.53,64
2016年08月伊犁PM2.5指数,2016-08-19,良,72,296,30,78,12,30,1.65,73
2016年08月伊犁PM2.5指数,2016-08-20,良,60,255,24,64,9,27,1.56,65
2016年08月伊犁PM2.5指数,2016-08-21,良,54,151,16,55,7,16,1.02,86
2016年08月伊犁PM2.5指数,2016-08-22,优,49,94,18,44,6,21,0.93,64
2016年08月伊犁PM2.5指数,2016-08-23,优,49,92,16,49,11,16,0.77,57
2016年08月伊犁PM2.5指数,2016-08-24,良,55,113,19,51,10,21,0.93,67
2016年08月伊犁PM2.5指数,2016-08-25,良,60,210,19,58,7,29,1.01,74
2016年08月伊犁PM2.5指数,2016-08-26,良,64,323,25,73,13,31,1.06,74
2016年08月伊犁PM2.5指数,2016-08-27,良,76,351,34,86,12,38,1.32,64
2016年08月伊犁PM2.5指数,2016-08-28,良,73,287,31,83,12,37,1.32,65
2016年08月伊犁PM2.5指数,2016-08-29,良,75,297,28,86,9,35,1.28,64
2016年08月伊犁PM2.5指数,2016-08-30,良,70,235,26,81,9,34,1.67,66
2016年08月伊犁PM2.5指数,2016-08-31,良,68,185,32,82,9,27,1.38,59
2016年07月伊犁PM2.5指数,2016-07-01,良,63,286,26,73,5,29,1.10,68
2016年07月伊犁PM2.5指数,2016-07-02,良,54,211,14,43,3,15,0.89,91
2016年07月伊犁PM2.5指数,2016-07-03,良,52,191,13,28,3,12,0.83,94
2016年07月伊犁PM2.5指数,2016-07-04,优,50,175,18,44,4,21,0.95,73
2016年07月伊犁PM2.5指数,2016-07-05,优,36,114,13,25,3,14,1.05,68
2016年07月伊犁PM2.5指数,2016-07-06,优,37,115,11,25,3,19,1.14,69
2016年07月伊犁PM2.5指数,2016-07-07,良,51,206,9,14,3,11,0.89,98
2016年07月伊犁PM2.5指数,2016-07-08,优,47,154,10,24,3,16,0.90,83
2016年07月伊犁PM2.5指数,2016-07-09,优,43,139,12,23,3,16,0.96,82
2016年07月伊犁PM2.5指数,2016-07-10,良,54,203,21,44,4,23,1.02,73
2016年07月伊犁PM2.5指数,2016-07-11,良,51,184,18,35,3,19,0.98,91
2016年07月伊犁PM2.5指数,2016-07-12,良,56,230,17,40,4,22,1.05,93
2016年07月伊犁PM2.5指数,2016-07-13,良,66,295,26,57,6,28,1.21,84
2016年07月伊犁PM2.5指数,2016-07-14,良,69,301,26,75,5,26,1.18,82
2016年07月伊犁PM2.5指数,2016-07-15,良,59,287,9,24,2,11,1.08,105
2016年07月伊犁PM2.5指数,2016-07-16,良,54,218,11,20,3,16,1.29,101
2016年07月伊犁PM2.5指数,2016-07-17,良,64,234,19,42,5,26,1.26,105
2016年07月伊犁PM2.5指数,2016-07-18,良,81,294,15,42,3,21,1.23,120
2016年07月伊犁PM2.5指数,2016-07-19,优,44,145,11,20,2,13,1.13,87
2016年07月伊犁PM2.5指数,2016-07-20,优,49,224,16,34,3,20,1.23,75
2016年07月伊犁PM2.5指数,2016-07-21,优,50,221,15,39,3,22,1.20,77
2016年07月伊犁PM2.5指数,2016-07-22,优,50,160,17,37,6,16,1.21,77
2016年07月伊犁PM2.5指数,2016-07-23,优,43,105,12,22,2,13,1.13,86
2016年07月伊犁PM2.5指数,2016-07-24,优,49,123,12,31,4,14,1.17,91
2016年07月伊犁PM2.5指数,2016-07-25,良,58,187,24,53,5,25,1.27,76
2016年07月伊犁PM2.5指数,2016-07-26,良,56,169,24,61,4,29,1.47,56
2016年07月伊犁PM2.5指数,2016-07-27,良,59,183,26,63,5,27,1.39,60
2016年07月伊犁PM2.5指数,2016-07-28,良,67,222,30,84,5,17,1.26,78
2016年07月伊犁PM2.5指数,2016-07-29,优,48,104,25,49,5,12,1.18,79
2016年07月伊犁PM2.5指数,2016-07-30,优,48,101,18,46,5,14,1.26,86
2016年07月伊犁PM2.5指数,2016-07-31,良,55,185,22,61,5,19,1.33,66
2016年06月伊犁PM2.5指数,2016-06-01,良,61,227,19,48,4,24,0.74,91
2016年06月伊犁PM2.5指数,2016-06-02,良,63,216,20,64,6,31,0.90,73
2016年06月伊犁PM2.5指数,2016-06-03,良,52,183,18,45,7,23,0.75,87
2016年06月伊犁PM2.5指数,2016-06-04,良,51,148,19,50,6,21,0.75,75
2016年06月伊犁PM2.5指数,2016-06-05,优,50,111,20,46,5,21,0.74,76
2016年06月伊犁PM2.5指数,2016-06-06,良,51,93,13,29,3,16,0.73,100
2016年06月伊犁PM2.5指数,2016-06-07,良,66,203,20,52,4,28,0.94,89
2016年06月伊犁PM2.5指数,2016-06-08,良,62,181,22,53,5,25,0.92,91
2016年06月伊犁PM2.5指数,2016-06-09,良,67,197,25,61,4,17,0.79,112
2016年06月伊犁PM2.5指数,2016-06-10,良,78,285,34,97,5,25,0.88,94
2016年06月伊犁PM2.5指数,2016-06-11,良,75,289,33,89,4,25,0.89,88
2016年06月伊犁PM2.5指数,2016-06-12,良,74,302,32,96,6,33,1.01,65
2016年06月伊犁PM2.5指数,2016-06-13,良,57,167,23,60,4,21,0.86,78
2016年06月伊犁PM2.5指数,2016-06-14,优,50,127,23,44,4,19,0.86,82
2016年06月伊犁PM2.5指数,2016-06-15,良,58,216,29,64,3,16,0.80,88
2016年06月伊犁PM2.5指数,2016-06-16,良,57,156,28,62,3,16,0.88,62
2016年06月伊犁PM2.5指数,2016-06-17,优,35,42,11,23,1,12,0.74,63
2016年06月伊犁PM2.5指数,2016-06-18,优,33,56,11,24,2,15,0.85,60
2016年06月伊犁PM2.5指数,2016-06-19,优,41,128,9,17,2,14,0.89,83
2016年06月伊犁PM2.5指数,2016-06-20,优,44,140,10,22,3,14,0.99,84
2016年06月伊犁PM2.5指数,2016-06-21,优,50,166,21,43,3,24,1.20,60
2016年06月伊犁PM2.5指数,2016-06-22,优,43,108,15,33,3,18,0.87,73
2016年06月伊犁PM2.5指数,2016-06-23,优,37,83,13,26,3,19,0.86,67
2016年06月伊犁PM2.5指数,2016-06-24,优,44,164,8,20,3,13,0.80,87
2016年06月伊犁PM2.5指数,2016-06-25,优,44,162,11,22,4,18,0.91,84
2016年06月伊犁PM2.5指数,2016-06-26,优,45,129,11,35,4,22,1.00,83
2016年06月伊犁PM2.5指数,2016-06-27,良,55,186,20,57,6,24,1.04,81
2016年06月伊犁PM2.5指数,2016-06-28,良,56,186,13,27,4,13,0.96,90
2016年06月伊犁PM2.5指数,2016-06-29,优,50,169,12,27,4,17,0.87,96
2016年06月伊犁PM2.5指数,2016-06-30,良,67,272,19,55,5,24,0.95,99
2016年05月伊犁PM2.5指数,2016-05-01,优,43,25,13,26,6,20,0.95,81
2016年05月伊犁PM2.5指数,2016-05-02,优,33,4,17,25,6,23,1.17,49
2016年05月伊犁PM2.5指数,2016-05-03,优,29,5,14,18,6,18,1.16,54
2016年05月伊犁PM2.5指数,2016-05-04,优,40,22,12,21,6,16,1.03,79
2016年05月伊犁PM2.5指数,2016-05-05,优,44,47,20,45,10,27,1.16,62
2016年05月伊犁PM2.5指数,2016-05-06,优,45,54,22,45,8,25,1.11,52
2016年05月伊犁PM2.5指数,2016-05-07,优,40,59,15,33,6,18,1.05,64
2016年05月伊犁PM2.5指数,2016-05-08,优,45,79,18,43,8,28,1.20,62
2016年05月伊犁PM2.5指数,2016-05-09,良,53,115,18,56,10,26,1.23,49
2016年05月伊犁PM2.5指数,2016-05-10,优,39,48,7,25,6,9,0.89,77
2016年05月伊犁PM2.5指数,2016-05-11,优,41,14,9,23,7,18,0.99,75
2016年05月伊犁PM2.5指数,2016-05-12,优,48,25,16,51,13,28,1.16,42
2016年05月伊犁PM2.5指数,2016-05-13,良,51,87,12,46,6,21,1.01,78
2016年05月伊犁PM2.5指数,2016-05-14,良,73,264,22,94,5,16,0.81,94
2016年05月伊犁PM2.5指数,2016-05-15,良,53,197,16,45,5,15,0.77,79
2016年05月伊犁PM2.5指数,2016-05-16,优,43,44,14,30,5,14,0.83,78
2016年05月伊犁PM2.5指数,2016-05-17,良,54,53,8,23,4,11,0.67,95
2016年05月伊犁PM2.5指数,2016-05-18,优,44,24,7,19,3,9,0.66,84
2016年05月伊犁PM2.5指数,2016-05-19,优,50,45,13,30,6,14,0.71,89
2016年05月伊犁PM2.5指数,2016-05-20,优,47,85,14,38,6,21,1.01,83
2016年05月伊犁PM2.5指数,2016-05-21,优,48,149,8,25,4,16,0.76,93
2016年05月伊犁PM2.5指数,2016-05-22,良,55,204,11,35,8,16,0.67,103
2016年05月伊犁PM2.5指数,2016-05-23,良,55,162,15,50,9,21,0.81,94
2016年05月伊犁PM2.5指数,2016-05-24,良,55,120,18,50,16,35,0.85,96
2016年05月伊犁PM2.5指数,2016-05-25,良,62,188,14,41,4,30,0.83,101
2016年05月伊犁PM2.5指数,2016-05-26,良,65,220,20,73,5,26,0.93,83
2016年05月伊犁PM2.5指数,2016-05-27,良,55,178,18,42,3,17,0.98,93
2016年05月伊犁PM2.5指数,2016-05-28,优,42,102,14,24,3,19,0.84,78
2016年05月伊犁PM2.5指数,2016-05-29,优,50,126,12,30,4,18,0.79,97
2016年05月伊犁PM2.5指数,2016-05-30,良,57,127,22,53,5,32,1.00,74
2016年05月伊犁PM2.5指数,2016-05-31,良,58,159,16,43,4,19,0.81,91
2016年04月伊犁PM2.5指数,2016-04-01,优,33,4,11,21,14,18,0.82,64
2016年04月伊犁PM2.5指数,2016-04-02,优,34,11,16,25,14,20,0.86,49
2016年04月伊犁PM2.5指数,2016-04-03,优,33,12,13,22,19,21,0.81,63
2016年04月伊犁PM2.5指数,2016-04-04,优,50,103,22,52,15,25,1.09,46
2016年04月伊犁PM2.5指数,2016-04-05,优,35,13,12,20,7,22,0.93,68
2016年04月伊犁PM2.5指数,2016-04-06,良,59,201,27,63,13,36,1.48,55
2016年04月伊犁PM2.5指数,2016-04-07,优,47,101,29,42,17,21,0.85,56
2016年04月伊犁PM2.5指数,2016-04-08,良,65,193,43,74,12,36,1.15,49
2016年04月伊犁PM2.5指数,2016-04-09,良,65,185,35,74,9,29,1.29,50
2016年04月伊犁PM2.5指数,2016-04-10,优,38,48,19,32,9,24,1.05,60
2016年04月伊犁PM2.5指数,2016-04-11,良,54,99,28,56,11,37,1.23,56
2016年04月伊犁PM2.5指数,2016-04-12,良,59,119,27,69,11,32,1.09,62
2016年04月伊犁PM2.5指数,2016-04-13,优,45,46,20,48,8,24,0.95,57
2016年04月伊犁PM2.5指数,2016-04-14,优,37,14,18,28,7,24,1.11,60
2016年04月伊犁PM2.5指数,2016-04-15,良,59,111,31,66,9,37,1.21,47
2016年04月伊犁PM2.5指数,2016-04-16,优,50,129,16,45,6,27,0.89,81
2016年04月伊犁PM2.5指数,2016-04-17,良,57,185,24,60,6,26,0.99,74
2016年04月伊犁PM2.5指数,2016-04-18,良,74,320,31,96,8,24,1.00,72
2016年04月伊犁PM2.5指数,2016-04-19,良,56,111,24,50,8,22,0.94,86
2016年04月伊犁PM2.5指数,2016-04-20,良,59,206,23,64,6,23,0.94,84
2016年04月伊犁PM2.5指数,2016-04-21,良,63,171,28,74,13,34,1.15,48
2016年04月伊犁PM2.5指数,2016-04-22,优,40,32,13,41,6,11,0.82,62
2016年04月伊犁PM2.5指数,2016-04-23,优,36,29,13,27,8,17,0.97,67
2016年04月伊犁PM2.5指数,2016-04-24,优,41,60,20,29,7,17,1.14,71
2016年04月伊犁PM2.5指数,2016-04-25,良,57,134,30,53,7,27,1.10,66
2016年04月伊犁PM2.5指数,2016-04-26,良,64,206,31,75,9,32,1.22,57
2016年04月伊犁PM2.5指数,2016-04-27,良,52,116,29,42,8,24,1.09,53
2016年04月伊犁PM2.5指数,2016-04-28,良,67,183,36,72,9,29,1.16,55
2016年04月伊犁PM2.5指数,2016-04-29,优,36,12,16,30,7,19,1.02,57
2016年04月伊犁PM2.5指数,2016-04-30,优,39,15,13,20,6,8,0.80,82
2016年03月伊犁PM2.5指数,2016-03-01,优,45,35,19,48,26,30,1.76,59
2016年03月伊犁PM2.5指数,2016-03-02,良,55,37,35,62,41,43,3.06,21
2016年03月伊犁PM2.5指数,2016-03-03,优,32,3,10,20,28,15,1.10,63
2016年03月伊犁PM2.5指数,2016-03-04,优,37,10,17,35,22,29,1.78,44
2016年03月伊犁PM2.5指数,2016-03-05,良,73,91,49,86,48,39,3.45,26
2016年03月伊犁PM2.5指数,2016-03-06,良,78,115,51,98,48,34,3.22,27
2016年03月伊犁PM2.5指数,2016-03-07,良,72,133,43,92,35,33,2.28,33
2016年03月伊犁PM2.5指数,2016-03-08,良,82,293,54,100,50,34,3.26,33
2016年03月伊犁PM2.5指数,2016-03-09,良,63,287,37,74,19,26,1.41,54
2016年03月伊犁PM2.5指数,2016-03-10,良,65,283,39,77,38,34,2.34,45
2016年03月伊犁PM2.5指数,2016-03-11,良,59,152,32,67,25,22,1.15,57
2016年03月伊犁PM2.5指数,2016-03-12,良,76,162,51,95,36,40,2.37,37
2016年03月伊犁PM2.5指数,2016-03-13,良,65,147,37,79,23,31,1.72,46
2016年03月伊犁PM2.5指数,2016-03-14,优,50,61,25,52,23,25,1.27,39
2016年03月伊犁PM2.5指数,2016-03-15,优,25,1,10,19,10,16,0.61,41
2016年03月伊犁PM2.5指数,2016-03-16,优,31,6,8,17,9,16,0.62,55
2016年03月伊犁PM2.5指数,2016-03-17,优,30,3,13,28,14,18,0.62,51
2016年03月伊犁PM2.5指数,2016-03-18,优,30,3,12,29,12,18,0.68,39
2016年03月伊犁PM2.5指数,2016-03-19,优,27,2,9,22,27,19,0.74,41
2016年03月伊犁PM2.5指数,2016-03-20,优,27,6,14,21,10,19,0.83,47
2016年03月伊犁PM2.5指数,2016-03-21,良,59,113,36,63,29,39,2.83,34
2016年03月伊犁PM2.5指数,2016-03-22,优,43,78,18,41,18,35,1.17,51
2016年03月伊犁PM2.5指数,2016-03-23,优,43,88,13,41,12,22,0.71,69
2016年03月伊犁PM2.5指数,2016-03-24,良,61,220,28,72,15,27,0.88,67
2016年03月伊犁PM2.5指数,2016-03-25,良,67,217,26,82,26,22,0.75,50
2016年03月伊犁PM2.5指数,2016-03-26,良,55,68,29,60,20,27,0.96,61
2016年03月伊犁PM2.5指数,2016-03-27,良,69,150,42,81,21,38,1.32,52
2016年03月伊犁PM2.5指数,2016-03-28,良,71,127,38,87,18,43,1.48,50
2016年03月伊犁PM2.5指数,2016-03-29,良,67,99,34,81,16,35,1.09,46
2016年03月伊犁PM2.5指数,2016-03-30,优,41,17,20,34,12,22,0.99,57
2016年03月伊犁PM2.5指数,2016-03-31,良,53,38,26,57,21,32,1.06,39
2016年02月伊犁PM2.5指数,2016-02-01,轻度污染,121,303,91,96,38,45,2.66,30
2016年02月伊犁PM2.5指数,2016-02-02,轻度污染,112,244,84,87,37,42,2.38,47
2016年02月伊犁PM2.5指数,2016-02-03,轻度污染,126,272,94,102,44,52,2.74,45
2016年02月伊犁PM2.5指数,2016-02-04,中度污染,159,317,120,137,79,67,4.70,31
2016年02月伊犁PM2.5指数,2016-02-05,轻度污染,129,303,96,111,60,59,3.61,50
2016年02月伊犁PM2.5指数,2016-02-06,良,99,305,72,85,67,62,4.30,60
2016年02月伊犁PM2.5指数,2016-02-07,良,98,247,68,91,64,58,4.01,34
2016年02月伊犁PM2.5指数,2016-02-08,中度污染,153,195,113,135,102,59,5.40,33
2016年02月伊犁PM2.5指数,2016-02-09,良,75,141,41,89,49,33,2.15,40
2016年02月伊犁PM2.5指数,2016-02-10,优,46,33,10,42,32,14,1.11,63
2016年02月伊犁PM2.5指数,2016-02-11,优,48,72,29,40,31,25,1.71,55
2016年02月伊犁PM2.5指数,2016-02-12,良,62,128,42,58,48,42,2.82,41
2016年02月伊犁PM2.5指数,2016-02-13,轻度污染,109,350,82,81,70,52,3.82,35
2016年02月伊犁PM2.5指数,2016-02-14,中度污染,156,359,119,138,90,64,4.41,37
2016年02月伊犁PM2.5指数,2016-02-15,轻度污染,136,357,101,134,77,65,4.39,36
2016年02月伊犁PM2.5指数,2016-02-16,中度污染,159,357,121,162,98,67,5.27,37
2016年02月伊犁PM2.5指数,2016-02-17,良,89,320,65,88,44,39,2.37,55
2016年02月伊犁PM2.5指数,2016-02-18,良,55,70,37,52,33,35,2.03,59
2016年02月伊犁PM2.5指数,2016-02-19,轻度污染,105,232,76,100,78,62,4.20,36
2016年02月伊犁PM2.5指数,2016-02-20,轻度污染,144,339,108,131,94,64,4.65,38
2016年02月伊犁PM2.5指数,2016-02-21,轻度污染,124,328,93,116,64,57,3.41,50
2016年02月伊犁PM2.5指数,2016-02-22,轻度污染,126,295,94,114,64,58,3.91,41
2016年02月伊犁PM2.5指数,2016-02-23,良,96,253,69,89,67,55,3.74,33
2016年02月伊犁PM2.5指数,2016-02-24,良,55,122,35,51,38,45,2.91,42
2016年02月伊犁PM2.5指数,2016-02-25,良,64,144,40,70,55,47,3.38,36
2016年02月伊犁PM2.5指数,2016-02-26,良,53,102,28,58,40,39,2.39,44
2016年02月伊犁PM2.5指数,2016-02-27,良,62,132,37,68,43,44,2.90,40
2016年02月伊犁PM2.5指数,2016-02-28,良,58,100,37,63,43,43,2.86,37
2016年02月伊犁PM2.5指数,2016-02-29,良,62,139,37,68,42,43,2.77,42
2016年01月伊犁PM2.5指数,2016-01-01,良,92,128,67,83,52,56,4.01,17
2016年01月伊犁PM2.5指数,2016-01-02,良,97,120,71,83,37,57,4.03,25
2016年01月伊犁PM2.5指数,2016-01-03,良,90,110,65,81,35,60,3.87,24
2016年01月伊犁PM2.5指数,2016-01-04,轻度污染,119,204,89,98,43,62,5.41,22
2016年01月伊犁PM2.5指数,2016-01-05,良,86,238,63,72,25,42,2.74,16
2016年01月伊犁PM2.5指数,2016-01-06,中度污染,178,333,139,166,19,51,5.01,10
2016年01月伊犁PM2.5指数,2016-01-07,重度污染,237,360,188,224,32,68,7.12,8
2016年01月伊犁PM2.5指数,2016-01-08,重度污染,247,350,197,246,39,75,6.48,7
2016年01月伊犁PM2.5指数,2016-01-09,轻度污染,128,239,97,60,25,43,2.54,32
2016年01月伊犁PM2.5指数,2016-01-10,轻度污染,147,266,111,90,32,52,3.03,19
2016年01月伊犁PM2.5指数,2016-01-11,中度污染,157,330,118,127,31,64,4.68,17
2016年01月伊犁PM2.5指数,2016-01-12,中度污染,159,351,121,131,32,63,5.00,8
2016年01月伊犁PM2.5指数,2016-01-13,轻度污染,143,325,108,108,39,51,4.51,11
2016年01月伊犁PM2.5指数,2016-01-14,中度污染,179,332,138,140,40,59,4.97,17
2016年01月伊犁PM2.5指数,2016-01-15,轻度污染,139,287,105,122,30,48,2.56,20
2016年01月伊犁PM2.5指数,2016-01-16,中度污染,166,302,125,154,23,49,2.95,18
2016年01月伊犁PM2.5指数,2016-01-17,中度污染,194,336,149,183,45,64,4.27,8
2016年01月伊犁PM2.5指数,2016-01-18,优,49,83,33,41,31,33,1.71,32
2016年01月伊犁PM2.5指数,2016-01-19,良,61,96,43,49,23,36,1.64,33
2016年01月伊犁PM2.5指数,2016-01-20,良,60,97,42,49,32,38,2.00,30
2016年01月伊犁PM2.5指数,2016-01-21,良,89,261,65,60,29,48,2.43,39
2016年01月伊犁PM2.5指数,2016-01-22,良,95,291,69,70,28,57,3.28,36
2016年01月伊犁PM2.5指数,2016-01-23,良,92,330,64,90,28,63,3.63,33
2016年01月伊犁PM2.5指数,2016-01-24,轻度污染,108,356,79,98,35,69,4.65,29
2016年01月伊犁PM2.5指数,2016-01-25,轻度污染,121,354,88,91,38,70,5.16,24
2016年01月伊犁PM2.5指数,2016-01-26,轻度污染,131,342,99,109,44,74,6.05,24
2016年01月伊犁PM2.5指数,2016-01-27,中度污染,160,339,123,140,48,71,7.15,24
2016年01月伊犁PM2.5指数,2016-01-28,良,89,202,65,66,37,41,2.32,40
2016年01月伊犁PM2.5指数,2016-01-29,轻度污染,121,279,91,108,36,48,2.62,18
2016年01月伊犁PM2.5指数,2016-01-30,良,70,183,50,50,36,30,1.53,26
2016年01月伊犁PM2.5指数,2016-01-31,良,76,223,55,56,33,33,1.74,38
2015年12月伊犁PM2.5指数,2015-12-01,轻度污染,101,226,68,139,32,50,4.61,15
2015年12月伊犁PM2.5指数,2015-12-02,轻度污染,141,338,101,147,33,35,6.70,15
2015年12月伊犁PM2.5指数,2015-12-03,良,93,321,65,105,29,31,4.71,16
2015年12月伊犁PM2.5指数,2015-12-04,良,85,313,60,85,26,32,4.96,11
2015年12月伊犁PM2.5指数,2015-12-05,良,87,241,63,91,21,37,3.93,7
2015年12月伊犁PM2.5指数,2015-12-06,优,38,91,22,31,16,18,1.56,31
2015年12月伊犁PM2.5指数,2015-12-07,良,51,95,35,47,14,34,2.49,20
2015年12月伊犁PM2.5指数,2015-12-08,良,72,160,52,71,23,39,2.73,23
2015年12月伊犁PM2.5指数,2015-12-09,良,65,131,45,59,26,26,2.31,25
2015年12月伊犁PM2.5指数,2015-12-10,优,44,72,29,33,23,19,1.75,25
2015年12月伊犁PM2.5指数,2015-12-11,优,26,8,12,16,20,12,1.21,46
2015年12月伊犁PM2.5指数,2015-12-12,优,48,75,33,36,19,21,2.22,34
2015年12月伊犁PM2.5指数,2015-12-13,良,68,152,49,53,24,31,3.03,32
2015年12月伊犁PM2.5指数,2015-12-14,良,84,200,61,53,38,57,4.05,22
2015年12月伊犁PM2.5指数,2015-12-15,轻度污染,137,301,103,103,39,71,5.81,14
2015年12月伊犁PM2.5指数,2015-12-16,良,84,326,61,54,32,60,4.06,22
2015年12月伊犁PM2.5指数,2015-12-17,良,83,313,60,66,36,62,4.63,16
2015年12月伊犁PM2.5指数,2015-12-18,轻度污染,106,289,78,88,39,57,3.76,23
2015年12月伊犁PM2.5指数,2015-12-19,良,92,208,68,75,37,53,4.20,19
2015年12月伊犁PM2.5指数,2015-12-20,轻度污染,123,223,92,104,38,51,3.73,17
2015年12月伊犁PM2.5指数,2015-12-21,良,68,80,48,51,29,38,2.10,33
2015年12月伊犁PM2.5指数,2015-12-22,良,92,135,68,70,32,50,2.93,29
2015年12月伊犁PM2.5指数,2015-12-23,轻度污染,136,190,102,107,43,67,5.29,19
2015年12月伊犁PM2.5指数,2015-12-24,良,88,175,63,79,39,57,3.84,26
2015年12月伊犁PM2.5指数,2015-12-25,良,99,213,73,85,45,59,4.68,14
2015年12月伊犁PM2.5指数,2015-12-26,轻度污染,112,232,83,97,41,62,4.60,20
2015年12月伊犁PM2.5指数,2015-12-27,良,90,221,66,77,36,49,3.52,14
2015年12月伊犁PM2.5指数,2015-12-28,轻度污染,130,283,98,104,34,66,5.81,12
2015年12月伊犁PM2.5指数,2015-12-29,轻度污染,112,207,83,85,42,57,4.29,16
2015年12月伊犁PM2.5指数,2015-12-30,良,96,145,70,83,41,56,3.99,21
2015年12月伊犁PM2.5指数,2015-12-31,良,64,80,46,57,34,50,2.70,37
2015年11月伊犁PM2.5指数,2015-11-01,良,71,233,47,79,22,39,1.79,5
2015年11月伊犁PM2.5指数,2015-11-02,优,43,56,14,41,18,19,0.72,36
2015年11月伊犁PM2.5指数,2015-11-03,优,44,44,20,44,15,27,1.14,33
2015年11月伊犁PM2.5指数,2015-11-04,良,61,82,43,55,22,37,1.71,13
2015年11月伊犁PM2.5指数,2015-11-05,轻度污染,103,274,76,109,27,48,3.19,12
2015年11月伊犁PM2.5指数,2015-11-06,良,71,263,51,66,20,38,1.92,18
2015年11月伊犁PM2.5指数,2015-11-07,良,81,300,59,70,19,40,2.39,19
2015年11月伊犁PM2.5指数,2015-11-08,优,47,103,30,45,20,32,1.50,21
2015年11月伊犁PM2.5指数,2015-11-09,良,85,223,62,86,22,46,2.67,9
2015年11月伊犁PM2.5指数,2015-11-10,轻度污染,142,319,107,147,18,40,5.28,12
2015年11月伊犁PM2.5指数,2015-11-11,中度污染,155,320,116,153,24,45,5.78,11
2015年11月伊犁PM2.5指数,2015-11-12,轻度污染,142,303,105,154,31,47,4.53,13
2015年11月伊犁PM2.5指数,2015-11-13,良,60,181,41,56,23,34,1.62,20
2015年11月伊犁PM2.5指数,2015-11-14,优,37,49,21,28,11,28,1.48,35
2015年11月伊犁PM2.5指数,2015-11-15,良,55,124,36,59,18,31,2.15,27
2015年11月伊犁PM2.5指数,2015-11-16,优,30,19,17,25,15,25,1.10,35
2015年11月伊犁PM2.5指数,2015-11-17,优,33,56,23,23,10,27,1.60,26
2015年11月伊犁PM2.5指数,2015-11-18,优,27,20,19,19,8,26,1.36,37
2015年11月伊犁PM2.5指数,2015-11-19,优,45,93,31,29,8,36,2.39,31
2015年11月伊犁PM2.5指数,2015-11-20,优,34,22,21,24,9,29,1.65,28
2015年11月伊犁PM2.5指数,2015-11-21,优,35,38,23,23,10,34,1.83,26
2015年11月伊犁PM2.5指数,2015-11-22,良,86,330,63,60,18,48,3.55,9
2015年11月伊犁PM2.5指数,2015-11-23,良,52,225,35,38,15,31,2.42,27
2015年11月伊犁PM2.5指数,2015-11-24,良,58,281,40,62,22,48,2.71,29
2015年11月伊犁PM2.5指数,2015-11-25,良,91,326,67,92,27,50,4.10,12
2015年11月伊犁PM2.5指数,2015-11-26,轻度污染,133,351,100,133,39,52,3.06,4
2015年11月伊犁PM2.5指数,2015-11-27,中度污染,158,350,122,161,35,64,3.55,4
2015年11月伊犁PM2.5指数,2015-11-28,中度污染,180,337,136,215,36,64,6.91,5
2015年11月伊犁PM2.5指数,2015-11-29,轻度污染,103,218,68,150,35,49,4.00,8
2015年11月伊犁PM2.5指数,2015-11-30,轻度污染,105,228,60,149,29,47,4.00,18
2015年10月伊犁PM2.5指数,2015-10-01,良,78,296,44,103,11,46,1.93,32
2015年10月伊犁PM2.5指数,2015-10-02,良,83,272,53,112,9,44,1.63,39
2015年10月伊犁PM2.5指数,2015-10-03,良,63,163,33,76,9,37,1.14,41
2015年10月伊犁PM2.5指数,2015-10-04,良,58,152,34,68,10,37,1.18,50
2015年10月伊犁PM2.5指数,2015-10-05,良,68,201,40,81,7,27,0.83,42
2015年10月伊犁PM2.5指数,2015-10-06,良,80,247,49,94,11,36,1.06,29
2015年10月伊犁PM2.5指数,2015-10-07,良,82,288,54,100,10,43,1.66,25
2015年10月伊犁PM2.5指数,2015-10-08,良,78,331,49,90,10,42,1.62,31
2015年10月伊犁PM2.5指数,2015-10-09,良,99,350,69,123,12,50,2.06,29
2015年10月伊犁PM2.5指数,2015-10-10,良,74,290,39,96,10,38,1.16,40
2015年10月伊犁PM2.5指数,2015-10-11,轻度污染,103,344,52,153,11,35,1.04,45
2015年10月伊犁PM2.5指数,2015-10-12,良,61,167,33,67,6,25,0.89,31
2015年10月伊犁PM2.5指数,2015-10-13,良,62,110,34,75,8,39,1.24,25
2015年10月伊犁PM2.5指数,2015-10-14,良,72,111,44,94,8,32,1.48,22
2015年10月伊犁PM2.5指数,2015-10-15,优,22,1,11,15,3,16,0.71,34
2015年10月伊犁PM2.5指数,2015-10-16,良,67,67,47,65,8,39,1.24,8
2015年10月伊犁PM2.5指数,2015-10-17,优,47,29,30,40,7,26,0.96,20
2015年10月伊犁PM2.5指数,2015-10-18,优,26,3,12,20,8,17,0.73,35
2015年10月伊犁PM2.5指数,2015-10-19,优,23,2,7,13,6,15,0.55,40
2015年10月伊犁PM2.5指数,2015-10-20,优,39,28,26,44,9,25,1.22,18
2015年10月伊犁PM2.5指数,2015-10-21,良,71,141,46,91,16,38,2.23,14
2015年10月伊犁PM2.5指数,2015-10-22,良,63,119,36,72,21,30,1.58,23
2015年10月伊犁PM2.5指数,2015-10-23,优,33,9,14,28,17,22,0.81,39
2015年10月伊犁PM2.5指数,2015-10-24,良,61,100,32,71,15,35,1.82,22
2015年10月伊犁PM2.5指数,2015-10-25,良,69,190,29,86,15,43,1.58,21
2015年10月伊犁PM2.5指数,2015-10-26,良,85,263,54,113,23,50,3.35,16
2015年10月伊犁PM2.5指数,2015-10-27,良,87,333,60,110,18,46,2.72,21
2015年10月伊犁PM2.5指数,2015-10-28,轻度污染,116,347,83,169,28,55,4.42,4
2015年10月伊犁PM2.5指数,2015-10-29,良,81,281,55,103,24,42,3.10,17
2015年10月伊犁PM2.5指数,2015-10-30,良,87,332,51,117,41,47,2.81,17
2015年10月伊犁PM2.5指数,2015-10-31,良,79,279,50,92,22,40,1.83,25
2015年09月伊犁PM2.5指数,2015-09-01,良,62,223,37,70,10,30,1.70,54
2015年09月伊犁PM2.5指数,2015-09-02,优,46,129,19,46,8,20,1.34,64
2015年09月伊犁PM2.5指数,2015-09-03,良,90,343,34,126,7,17,1.18,61
2015年09月伊犁PM2.5指数,2015-09-04,优,37,78,14,20,5,13,1.01,69
2015年09月伊犁PM2.5指数,2015-09-05,良,53,235,29,57,7,25,1.24,34
2015年09月伊犁PM2.5指数,2015-09-06,优,42,112,16,39,6,21,1.10,50
2015年09月伊犁PM2.5指数,2015-09-07,良,69,294,46,71,8,32,1.22,37
2015年09月伊犁PM2.5指数,2015-09-08,良,66,234,44,75,8,33,1.30,41
2015年09月伊犁PM2.5指数,2015-09-09,良,65,255,42,76,20,33,1.19,39
2015年09月伊犁PM2.5指数,2015-09-10,良,53,189,23,57,12,19,0.59,61
2015年09月伊犁PM2.5指数,2015-09-11,良,62,248,30,70,6,26,0.77,59
2015年09月伊犁PM2.5指数,2015-09-12,良,80,343,43,105,11,36,1.35,45
2015年09月伊犁PM2.5指数,2015-09-13,轻度污染,120,363,42,167,6,23,0.90,46
2015年09月伊犁PM2.5指数,2015-09-14,优,34,17,15,26,4,14,0.58,53
2015年09月伊犁PM2.5指数,2015-09-15,优,46,69,23,47,6,26,0.85,32
2015年09月伊犁PM2.5指数,2015-09-16,良,69,222,41,87,8,35,1.10,36
2015年09月伊犁PM2.5指数,2015-09-17,良,62,156,38,69,7,30,0.94,47
2015年09月伊犁PM2.5指数,2015-09-18,良,89,293,57,106,10,43,1.42,43
2015年09月伊犁PM2.5指数,2015-09-19,良,97,296,58,142,14,52,1.71,5
2015年09月伊犁PM2.5指数,2015-09-20,优,33,38,16,28,4,13,0.54,60
2015年09月伊犁PM2.5指数,2015-09-21,优,29,35,16,24,6,21,0.80,35
2015年09月伊犁PM2.5指数,2015-09-22,优,34,47,14,16,3,15,0.61,59
2015年09月伊犁PM2.5指数,2015-09-23,优,41,89,21,39,5,22,0.79,38
2015年09月伊犁PM2.5指数,2015-09-24,良,54,194,34,53,5,27,1.03,35
2015年09月伊犁PM2.5指数,2015-09-25,良,53,187,33,52,5,28,0.77,37
2015年09月伊犁PM2.5指数,2015-09-26,优,47,124,21,50,5,26,0.71,39
2015年09月伊犁PM2.5指数,2015-09-27,良,58,167,32,68,5,27,0.89,37
2015年09月伊犁PM2.5指数,2015-09-28,优,36,54,10,31,2,10,0.52,56
2015年09月伊犁PM2.5指数,2015-09-29,优,40,94,16,40,4,20,0.68,47
2015年09月伊犁PM2.5指数,2015-09-30,优,45,142,15,46,5,24,0.75,62
2015年08月伊犁PM2.5指数,2015-08-01,良,64,254,35,74,6,32,1.29,48
2015年08月伊犁PM2.5指数,2015-08-02,优,48,128,18,37,5,19,1.04,88
2015年08月伊犁PM2.5指数,2015-08-03,良,65,292,29,72,6,33,1.21,65
2015年08月伊犁PM2.5指数,2015-08-04,良,70,317,31,80,6,34,1.35,59
2015年08月伊犁PM2.5指数,2015-08-05,良,65,247,28,74,6,30,1.21,63
2015年08月伊犁PM2.5指数,2015-08-06,良,53,164,21,51,6,22,1.08,76
2015年08月伊犁PM2.5指数,2015-08-07,良,68,264,27,84,7,33,1.20,58
2015年08月伊犁PM2.5指数,2015-08-08,良,63,257,26,75,7,18,1.04,76
2015年08月伊犁PM2.5指数,2015-08-09,良,53,226,17,55,4,11,0.87,78
2015年08月伊犁PM2.5指数,2015-08-10,良,65,296,30,77,9,30,1.20,38
2015年08月伊犁PM2.5指数,2015-08-11,优,44,156,25,39,5,17,1.11,65
2015年08月伊犁PM2.5指数,2015-08-12,优,42,78,18,32,6,16,1.03,69
2015年08月伊犁PM2.5指数,2015-08-13,良,58,148,29,61,9,29,1.21,67
2015年08月伊犁PM2.5指数,2015-08-14,良,83,275,33,97,4,18,1.06,70
2015年08月伊犁PM2.5指数,2015-08-15,优,34,51,11,27,4,16,1.03,48
2015年08月伊犁PM2.5指数,2015-08-16,优,42,92,16,40,8,22,0.95,56
2015年08月伊犁PM2.5指数,2015-08-17,良,64,179,33,70,8,29,1.32,59
2015年08月伊犁PM2.5指数,2015-08-18,良,70,211,34,82,8,32,1.39,62
2015年08月伊犁PM2.5指数,2015-08-19,良,71,295,32,82,8,34,1.29,64
2015年08月伊犁PM2.5指数,2015-08-20,良,68,306,32,75,8,34,1.29,64
2015年08月伊犁PM2.5指数,2015-08-21,良,67,249,29,81,7,29,1.25,67
2015年08月伊犁PM2.5指数,2015-08-22,良,77,281,37,102,7,26,1.21,48
2015年08月伊犁PM2.5指数,2015-08-23,优,35,42,10,17,4,12,0.89,70
2015年08月伊犁PM2.5指数,2015-08-24,优,45,107,20,43,6,29,1.25,29
2015年08月伊犁PM2.5指数,2015-08-25,良,65,226,37,75,9,34,1.74,23
2015年08月伊犁PM2.5指数,2015-08-26,良,94,306,32,127,6,21,1.48,38
2015年08月伊犁PM2.5指数,2015-08-27,优,35,42,15,34,7,21,1.26,45
2015年08月伊犁PM2.5指数,2015-08-28,优,46,98,23,50,7,24,1.33,32
2015年08月伊犁PM2.5指数,2015-08-29,优,38,85,17,34,6,16,1.23,54
2015年08月伊犁PM2.5指数,2015-08-30,优,50,124,22,49,8,25,1.38,50
2015年08月伊犁PM2.5指数,2015-08-31,良,57,185,28,63,9,30,1.53,47
2015年07月伊犁PM2.5指数,2015-07-01,良,54,193,20,55,6,22,0.85,71
2015年07月伊犁PM2.5指数,2015-07-02,良,62,236,24,66,6,34,0.88,60
2015年07月伊犁PM2.5指数,2015-07-03,良,60,217,20,58,7,23,0.80,81
2015年07月伊犁PM2.5指数,2015-07-04,良,53,165,16,53,5,19,0.72,88
2015年07月伊犁PM2.5指数,2015-07-05,良,51,166,17,48,6,15,0.72,78
2015年07月伊犁PM2.5指数,2015-07-06,优,45,103,16,41,5,18,0.70,68
2015年07月伊犁PM2.5指数,2015-07-07,良,62,225,22,64,6,29,0.88,68
2015年07月伊犁PM2.5指数,2015-07-08,良,59,171,22,62,7,25,0.82,76
2015年07月伊犁PM2.5指数,2015-07-09,良,62,187,25,72,7,28,0.87,70
2015年07月伊犁PM2.5指数,2015-07-10,良,62,212,26,73,6,25,0.86,60
2015年07月伊犁PM2.5指数,2015-07-11,优,44,108,16,42,4,14,0.72,69
2015年07月伊犁PM2.5指数,2015-07-12,良,53,134,20,50,5,22,0.80,74
2015年07月伊犁PM2.5指数,2015-07-13,良,71,164,27,75,7,30,1.06,77
2015年07月伊犁PM2.5指数,2015-07-14,良,67,143,27,67,8,30,1.12,80
2015年07月伊犁PM2.5指数,2015-07-15,良,60,171,24,58,6,26,0.97,84
2015年07月伊犁PM2.5指数,2015-07-16,良,77,290,34,81,6,38,1.32,86
2015年07月伊犁PM2.5指数,2015-07-17,良,75,293,45,81,5,30,1.13,76
2015年07月伊犁PM2.5指数,2015-07-18,良,69,262,33,75,5,28,1.01,80
2015年07月伊犁PM2.5指数,2015-07-19,良,68,255,29,70,6,27,1.01,78
2015年07月伊犁PM2.5指数,2015-07-20,轻度污染,119,357,60,185,7,37,1.25,62
2015年07月伊犁PM2.5指数,2015-07-21,良,95,331,59,134,6,34,1.32,100
2015年07月伊犁PM2.5指数,2015-07-22,良,83,303,47,113,5,23,1.06,55
2015年07月伊犁PM2.5指数,2015-07-23,良,71,288,43,83,5,19,0.95,73
2015年07月伊犁PM2.5指数,2015-07-24,良,79,305,51,105,5,27,1.19,61
2015年07月伊犁PM2.5指数,2015-07-25,良,63,217,37,75,4,18,0.94,63
2015年07月伊犁PM2.5指数,2015-07-26,优,42,84,13,32,4,17,0.94,77
2015年07月伊犁PM2.5指数,2015-07-27,良,68,221,32,72,6,31,1.17,76
2015年07月伊犁PM2.5指数,2015-07-28,良,67,260,35,76,5,28,1.14,70
2015年07月伊犁PM2.5指数,2015-07-29,优,36,65,13,19,4,12,0.89,68
2015年07月伊犁PM2.5指数,2015-07-30,优,38,80,11,24,4,16,1.11,72
2015年07月伊犁PM2.5指数,2015-07-31,良,63,282,28,67,6,31,1.21,59
2015年06月伊犁PM2.5指数,2015-06-01,优,48,82,11,48,5,4,0.40,81
2015年06月伊犁PM2.5指数,2015-06-02,优,45,96,14,33,4,5,0.41,84
2015年06月伊犁PM2.5指数,2015-06-03,良,54,193,19,47,5,18,0.61,70
2015年06月伊犁PM2.5指数,2015-06-04,良,61,218,20,63,6,16,0.58,73
2015年06月伊犁PM2.5指数,2015-06-05,良,83,288,29,104,7,19,0.66,78
2015年06月伊犁PM2.5指数,2015-06-06,良,71,211,21,81,6,14,0.61,79
2015年06月伊犁PM2.5指数,2015-06-07,良,52,142,15,39,4,6,0.49,91
2015年06月伊犁PM2.5指数,2015-06-08,优,46,149,18,32,4,7,0.59,84
2015年06月伊犁PM2.5指数,2015-06-09,良,93,283,30,130,4,10,0.51,73
2015年06月伊犁PM2.5指数,2015-06-10,优,38,48,10,19,5,9,0.50,72
2015年06月伊犁PM2.5指数,2015-06-11,良,51,137,21,54,6,21,0.79,44
2015年06月伊犁PM2.5指数,2015-06-12,良,67,210,29,81,9,29,0.93,46
2015年06月伊犁PM2.5指数,2015-06-13,良,75,270,29,98,9,28,0.88,53
2015年06月伊犁PM2.5指数,2015-06-14,良,64,204,23,75,6,32,0.76,57
2015年06月伊犁PM2.5指数,2015-06-15,良,62,177,20,73,5,27,0.67,58
2015年06月伊犁PM2.5指数,2015-06-16,优,47,108,14,39,6,19,0.62,65
2015年06月伊犁PM2.5指数,2015-06-17,优,45,109,16,32,4,18,0.43,78
2015年06月伊犁PM2.5指数,2015-06-18,良,53,178,20,44,5,23,0.54,70
2015年06月伊犁PM2.5指数,2015-06-19,优,42,89,14,35,7,20,0.49,77
2015年06月伊犁PM2.5指数,2015-06-20,良,52,128,18,48,5,22,0.57,73
2015年06月伊犁PM2.5指数,2015-06-21,良,62,157,20,66,6,22,0.59,84
2015年06月伊犁PM2.5指数,2015-06-22,良,59,184,17,63,5,17,0.48,85
2015年06月伊犁PM2.5指数,2015-06-23,良,52,143,17,47,5,18,0.55,81
2015年06月伊犁PM2.5指数,2015-06-24,良,63,262,16,67,8,22,0.75,80
2015年06月伊犁PM2.5指数,2015-06-25,良,75,316,26,89,8,30,1.11,75
2015年06月伊犁PM2.5指数,2015-06-26,良,51,180,17,51,6,13,0.78,81
2015年06月伊犁PM2.5指数,2015-06-27,优,40,117,12,29,3,14,0.84,74
2015年06月伊犁PM2.5指数,2015-06-28,优,37,93,12,26,3,13,0.97,76
2015年06月伊犁PM2.5指数,2015-06-29,优,39,93,13,28,7,14,1.08,81
2015年06月伊犁PM2.5指数,2015-06-30,优,45,141,15,35,14,19,1.24,79
2015年05月伊犁PM2.5指数,2015-05-01,良,71,184,29,89,7,17,0.85,80
2015年05月伊犁PM2.5指数,2015-05-02,良,60,177,24,70,8,14,0.82,64
2015年05月伊犁PM2.5指数,2015-05-03,轻度污染,104,317,42,150,8,18,0.93,59
2015年05月伊犁PM2.5指数,2015-05-04,优,47,49,16,39,5,12,0.83,84
2015年05月伊犁PM2.5指数,2015-05-05,良,55,78,19,56,6,17,0.93,77
2015年05月伊犁PM2.5指数,2015-05-06,良,58,87,21,62,6,17,0.98,71
2015年05月伊犁PM2.5指数,2015-05-07,优,47,46,17,43,7,14,1.06,63
2015年05月伊犁PM2.5指数,2015-05-08,良,58,134,27,66,6,15,0.96,79
2015年05月伊犁PM2.5指数,2015-05-09,轻度污染,142,360,45,198,6,19,1.04,51
2015年05月伊犁PM2.5指数,2015-05-10,优,39,27,11,25,4,9,0.82,71
2015年05月伊犁PM2.5指数,2015-05-11,良,64,262,34,77,8,24,1.24,43
2015年05月伊犁PM2.5指数,2015-05-12,优,42,54,17,38,5,11,0.87,64
2015年05月伊犁PM2.5指数,2015-05-13,优,39,20,14,32,6,11,0.98,67
2015年05月伊犁PM2.5指数,2015-05-14,优,47,67,16,48,6,12,0.92,65
2015年05月伊犁PM2.5指数,2015-05-15,优,40,59,17,38,7,12,1.02,65
2015年05月伊犁PM2.5指数,2015-05-16,良,69,183,29,86,7,18,1.04,60
2015年05月伊犁PM2.5指数,2015-05-17,良,80,211,25,102,5,14,1.06,77
2015年05月伊犁PM2.5指数,2015-05-18,优,48,84,20,47,6,17,0.99,49
2015年05月伊犁PM2.5指数,2015-05-19,优,41,67,11,26,5,8,0.93,80
2015年05月伊犁PM2.5指数,2015-05-20,良,64,179,26,69,5,15,1.00,75
2015年05月伊犁PM2.5指数,2015-05-21,良,61,163,21,68,6,14,0.97,68
2015年05月伊犁PM2.5指数,2015-05-22,良,66,172,19,79,5,14,0.89,60
2015年05月伊犁PM2.5指数,2015-05-23,优,39,51,15,30,5,12,0.92,72
2015年05月伊犁PM2.5指数,2015-05-24,良,60,127,30,44,6,13,0.84,78
2015年05月伊犁PM2.5指数,2015-05-25,优,43,36,16,36,6,8,0.87,77
2015年05月伊犁PM2.5指数,2015-05-26,优,47,55,15,46,5,7,0.65,80
2015年05月伊犁PM2.5指数,2015-05-27,优,43,42,10,30,4,8,0.62,78
2015年05月伊犁PM2.5指数,2015-05-28,优,47,67,13,37,5,10,0.62,86
2015年05月伊犁PM2.5指数,2015-05-29,良,58,176,25,61,6,19,0.77,67
2015年05月伊犁PM2.5指数,2015-05-30,良,73,274,31,93,8,16,0.68,63
2015年05月伊犁PM2.5指数,2015-05-31,良,63,146,17,75,5,4,0.37,89
2015年04月伊犁PM2.5指数,2015-04-01,优,45,60,25,45,24,25,1.74,61
2015年04月伊犁PM2.5指数,2015-04-02,良,55,141,33,58,29,27,1.57,61
2015年04月伊犁PM2.5指数,2015-04-03,良,70,208,42,87,49,39,1.83,43
2015年04月伊犁PM2.5指数,2015-04-07,良,81,311,39,105,13,32,0.98,90
2015年04月伊犁PM2.5指数,2015-04-08,良,86,305,40,119,14,24,1.19,62
2015年04月伊犁PM2.5指数,2015-04-09,优,46,74,23,44,7,12,0.69,68
2015年04月伊犁PM2.5指数,2015-04-10,良,56,115,27,62,9,23,1.09,59
2015年04月伊犁PM2.5指数,2015-04-11,良,82,241,22,112,7,24,0.88,63
2015年04月伊犁PM2.5指数,2015-04-12,良,98,336,44,145,6,19,0.81,77
2015年04月伊犁PM2.5指数,2015-04-13,轻度污染,135,360,69,215,12,29,1.36,49
2015年04月伊犁PM2.5指数,2015-04-14,轻度污染,121,345,61,190,12,25,1.22,47
2015年04月伊犁PM2.5指数,2015-04-15,良,77,134,38,102,13,20,0.98,43
2015年04月伊犁PM2.5指数,2015-04-16,良,52,18,23,59,6,13,0.89,56
2015年04月伊犁PM2.5指数,2015-04-17,良,55,35,20,59,6,19,1.06,60
2015年04月伊犁PM2.5指数,2015-04-18,优,49,38,21,52,7,21,0.90,61
2015年04月伊犁PM2.5指数,2015-04-19,良,54,122,18,52,5,18,0.78,89
2015年04月伊犁PM2.5指数,2015-04-20,良,65,217,30,78,8,23,0.90,68
2015年04月伊犁PM2.5指数,2015-04-21,优,44,59,16,40,6,13,0.73,72
2015年04月伊犁PM2.5指数,2015-04-22,优,48,38,19,48,8,20,1.08,59
2015年04月伊犁PM2.5指数,2015-04-23,良,57,67,22,62,7,24,0.94,67
2015年04月伊犁PM2.5指数,2015-04-24,良,63,110,25,77,8,22,0.92,72
2015年04月伊犁PM2.5指数,2015-04-25,良,90,216,35,129,9,24,0.99,59
2015年04月伊犁PM2.5指数,2015-04-26,轻度污染,101,270,39,133,8,20,0.83,65
2015年04月伊犁PM2.5指数,2015-04-27,轻度污染,138,346,57,144,3,7,0.63,71
2015年04月伊犁PM2.5指数,2015-04-28,优,46,35,20,45,5,14,0.84,58
2015年04月伊犁PM2.5指数,2015-04-29,良,58,88,23,64,7,22,1.03,62
2015年04月伊犁PM2.5指数,2015-04-30,良,66,97,25,77,7,24,0.99,66
2015年03月伊犁PM2.5指数,2015-03-01,良,60,170,36,69,19,31,1.67,54
2015年03月伊犁PM2.5指数,2015-03-02,良,74,184,44,92,33,38,2.22,41
2015年03月伊犁PM2.5指数,2015-03-03,良,68,147,44,84,31,29,1.45,51
2015年03月伊犁PM2.5指数,2015-03-04,良,75,282,48,93,21,39,2.01,54
2015年03月伊犁PM2.5指数,2015-03-05,良,77,260,49,96,27,41,2.67,44
2015年03月伊犁PM2.5指数,2015-03-06,良,73,190,43,94,30,29,1.69,73
2015年03月伊犁PM2.5指数,2015-03-07,良,74,182,46,94,32,39,2.51,50
2015年03月伊犁PM2.5指数,2015-03-08,良,73,186,49,91,30,32,2.31,42
2015年03月伊犁PM2.5指数,2015-03-09,良,59,134,30,70,22,26,1.32,48
2015年03月伊犁PM2.5指数,2015-03-10,良,86,271,60,106,37,34,2.20,27
2015年03月伊犁PM2.5指数,2015-03-11,优,31,19,14,26,27,18,0.85,56
2015年03月伊犁PM2.5指数,2015-03-12,优,43,53,20,43,37,25,1.09,46
2015年03月伊犁PM2.5指数,2015-03-13,优,43,40,15,42,15,20,1.14,61
2015年03月伊犁PM2.5指数,2015-03-14,良,60,80,34,70,34,34,2.03,45
2015年03月伊犁PM2.5指数,2015-03-15,良,56,55,31,63,26,28,2.05,47
2015年03月伊犁PM2.5指数,2015-03-16,优,41,22,19,41,19,15,1.07,51
2015年03月伊犁PM2.5指数,2015-03-17,优,44,33,23,47,18,20,1.44,48
2015年03月伊犁PM2.5指数,2015-03-18,良,63,169,38,75,26,30,2.49,33
2015年03月伊犁PM2.5指数,2015-03-19,良,58,97,34,67,18,28,1.63,53
2015年03月伊犁PM2.5指数,2015-03-20,良,61,124,30,71,20,28,1.81,50
2015年03月伊犁PM2.5指数,2015-03-21,优,42,17,19,40,22,19,1.18,57
2015年03月伊犁PM2.5指数,2015-03-22,优,38,6,19,34,15,26,1.55,55
2015年03月伊犁PM2.5指数,2015-03-23,良,56,79,31,57,22,36,1.63,52
2015年03月伊犁PM2.5指数,2015-03-24,良,93,285,35,101,18,22,1.43,53
2015年03月伊犁PM2.5指数,2015-03-25,良,54,102,17,60,17,15,1.06,61
2015年03月伊犁PM2.5指数,2015-03-26,优,31,7,15,28,11,17,1.14,44
2015年03月伊犁PM2.5指数,2015-03-27,优,44,44,18,44,15,19,1.07,61
2015年03月伊犁PM2.5指数,2015-03-28,优,36,8,14,30,15,17,1.06,59
2015年03月伊犁PM2.5指数,2015-03-29,优,36,9,16,32,11,23,1.54,41
2015年03月伊犁PM2.5指数,2015-03-30,优,47,47,14,49,17,12,0.92,69
2015年03月伊犁PM2.5指数,2015-03-31,优,37,22,14,31,17,14,1.12,71
2015年02月伊犁PM2.5指数,2015-02-01,轻度污染,114,271,85,113,60,63,3.34,29
2015年02月伊犁PM2.5指数,2015-02-02,中度污染,180,330,137,170,47,72,5.31,23
2015年02月伊犁PM2.5指数,2015-02-03,重度污染,205,318,156,192,42,70,4.65,21
2015年02月伊犁PM2.5指数,2015-02-04,中度污染,174,295,131,169,55,61,3.32,33
2015年02月伊犁PM2.5指数,2015-02-05,中度污染,176,345,134,175,56,59,2.94,38
2015年02月伊犁PM2.5指数,2015-02-06,良,93,189,66,92,31,48,3.30,41
2015年02月伊犁PM2.5指数,2015-02-07,轻度污染,109,223,80,120,42,63,4.77,28
2015年02月伊犁PM2.5指数,2015-02-08,良,89,247,62,100,42,53,2.92,37
2015年02月伊犁PM2.5指数,2015-02-09,良,99,253,73,116,42,67,4.10,28
2015年02月伊犁PM2.5指数,2015-02-10,良,86,141,59,99,42,57,3.46,23
2015年02月伊犁PM2.5指数,2015-02-11,良,72,78,46,79,41,47,3.09,28
2015年02月伊犁PM2.5指数,2015-02-12,良,72,101,49,82,42,47,2.91,17
2015年02月伊犁PM2.5指数,2015-02-13,优,48,22,33,33,41,25,1.52,35
2015年02月伊犁PM2.5指数,2015-02-14,优,41,20,20,39,18,31,1.66,51
2015年02月伊犁PM2.5指数,2015-02-15,良,56,46,33,63,27,42,2.50,36
2015年02月伊犁PM2.5指数,2015-02-16,良,79,106,55,100,34,48,3.25,25
2015年02月伊犁PM2.5指数,2015-02-17,良,84,167,61,83,24,40,2.27,23
2015年02月伊犁PM2.5指数,2015-02-18,优,47,36,31,44,21,20,1.31,39
2015年02月伊犁PM2.5指数,2015-02-19,良,56,33,37,55,23,24,1.41,52
2015年02月伊犁PM2.5指数,2015-02-20,优,43,61,18,41,14,23,1.35,62
2015年02月伊犁PM2.5指数,2015-02-21,良,58,157,31,64,23,31,2.06,50
2015年02月伊犁PM2.5指数,2015-02-22,良,67,137,42,78,30,38,2.28,36
2015年02月伊犁PM2.5指数,2015-02-23,轻度污染,106,288,78,128,39,46,4.20,22
2015年02月伊犁PM2.5指数,2015-02-24,良,61,126,34,71,25,38,2.13,44
2015年02月伊犁PM2.5指数,2015-02-25,良,62,172,39,73,30,34,2.41,27
2015年02月伊犁PM2.5指数,2015-02-26,优,39,59,21,39,19,18,1.21,49
2015年02月伊犁PM2.5指数,2015-02-27,良,51,182,33,56,21,24,1.49,46
2015年02月伊犁PM2.5指数,2015-02-28,良,62,233,39,70,23,31,1.94,43
2015年01月伊犁PM2.5指数,2015-01-06,轻度污染,131,321,99,122,67,78,5.93,4
2015年01月伊犁PM2.5指数,2015-01-07,良,78,182,57,75,42,48,3.57,25
2015年01月伊犁PM2.5指数,2015-01-08,良,64,86,38,76,35,48,3.52,31
2015年01月伊犁PM2.5指数,2015-01-09,良,90,135,59,116,43,58,4.83,19
2015年01月伊犁PM2.5指数,2015-01-10,良,63,58,39,66,29,32,2.54,23
2015年01月伊犁PM2.5指数,2015-01-11,轻度污染,116,206,87,121,27,48,3.49,15
2015年01月伊犁PM2.5指数,2015-01-12,良,73,151,52,70,29,31,2.26,18
2015年01月伊犁PM2.5指数,2015-01-13,良,95,203,70,95,15,31,2.43,17
2015年01月伊犁PM2.5指数,2015-01-14,轻度污染,104,203,78,110,27,48,3.68,20
2015年01月伊犁PM2.5指数,2015-01-15,良,84,134,59,88,34,43,2.86,20
2015年01月伊犁PM2.5指数,2015-01-16,良,70,93,50,60,32,44,3.11,21
2015年01月伊犁PM2.5指数,2015-01-17,良,73,94,41,89,31,48,2.62,33
2015年01月伊犁PM2.5指数,2015-01-18,良,78,99,47,91,39,51,3.30,24
2015年01月伊犁PM2.5指数,2015-01-19,良,81,124,58,88,41,56,3.14,23
2015年01月伊犁PM2.5指数,2015-01-20,轻度污染,117,261,86,125,42,65,4.63,16
2015年01月伊犁PM2.5指数,2015-01-21,优,49,33,30,49,27,25,0.95,41
2015年01月伊犁PM2.5指数,2015-01-22,良,79,95,57,82,37,52,2.89,22
2015年01月伊犁PM2.5指数,2015-01-23,良,88,83,65,83,31,40,1.84,38
2015年01月伊犁PM2.5指数,2015-01-24,轻度污染,103,133,76,95,33,44,2.28,35
2015年01月伊犁PM2.5指数,2015-01-25,良,64,41,42,60,27,30,1.40,39
2015年01月伊犁PM2.5指数,2015-01-26,良,81,89,59,76,29,38,1.71,28
2015年01月伊犁PM2.5指数,2015-01-27,轻度污染,149,334,113,146,47,65,3.12,23
2015年01月伊犁PM2.5指数,2015-01-28,中度污染,193,363,150,210,48,75,4.24,17
2015年01月伊犁PM2.5指数,2015-01-29,中度污染,197,362,152,223,55,73,4.84,18
2015年01月伊犁PM2.5指数,2015-01-30,重度污染,224,360,175,230,58,88,5.95,16
2015年01月伊犁PM2.5指数,2015-01-31,中度污染,168,353,130,157,53,74,5.20,22
